-- phpMyAdmin SQL Dump
-- version 5.2.1
-- https://www.phpmyadmin.net/
--
-- Servidor: 127.0.0.1
-- Tiempo de generación: 16-02-2024 a las 08:10:35
-- Versión del servidor: 10.4.32-MariaDB
-- Versión de PHP: 8.2.12

SET SQL_MODE = "NO_AUTO_VALUE_ON_ZERO";
START TRANSACTION;
SET time_zone = "+00:00";


/*!40101 SET @OLD_CHARACTER_SET_CLIENT=@@CHARACTER_SET_CLIENT */;
/*!40101 SET @OLD_CHARACTER_SET_RESULTS=@@CHARACTER_SET_RESULTS */;
/*!40101 SET @OLD_COLLATION_CONNECTION=@@COLLATION_CONNECTION */;
/*!40101 SET NAMES utf8mb4 */;

--
-- Base de datos: `db_elorrietazinemat4`
--

-- --------------------------------------------------------

--
-- Estructura de tabla para la tabla `aretoa`
--

CREATE TABLE `aretoa` (
  `idAretoa` varchar(10) NOT NULL,
  `izena` varchar(30) DEFAULT NULL,
  `idZinema` varchar(15) NOT NULL
) ENGINE=InnoDB DEFAULT CHARSET=utf8mb4 COLLATE=utf8mb4_general_ci;

--
-- Volcado de datos para la tabla `aretoa`
--

INSERT INTO `aretoa` (`idAretoa`, `izena`, `idZinema`) VALUES
('A01', 'Rambo', 'Z01'),
('A01', 'Terminator', 'Z02'),
('A01', 'Hannibal Lecter', 'Z03'),
('A01', 'James Bond', 'Z04'),
('A01', 'Alan Grant', 'Z05'),
('A02', 'E.T.', 'Z01'),
('A02', 'Sherlock Holmes', 'Z02'),
('A02', 'Rocky Balboa', 'Z03'),
('A02', 'Luke Skywalker', 'Z04'),
('A02', 'Katniss Everdeen', 'Z05'),
('A03', 'Indiana Jones', 'Z01'),
('A03', 'Jack Sparrow', 'Z02'),
('A03', 'Rayo McQueen', 'Z03'),
('A03', 'Harry Potter', 'Z04'),
('A03', 'Neo', 'Z05'),
('A04', 'Chewbacca', 'Z01'),
('A04', 'Voldemort', 'Z02'),
('A04', 'The Joker', 'Z03'),
('A04', 'Frodo Bolsón', 'Z04'),
('A04', 'Torrente', 'Z05'),
('A05', 'Marty McFly', 'Z01'),
('A05', 'Darth Vader', 'Z02'),
('A05', 'Hulk', 'Z03'),
('A05', 'James T. Kirk', 'Z04'),
('A05', 'Walter White', 'Z05');

-- --------------------------------------------------------

--
-- Estructura de tabla para la tabla `bezeroa`
--

CREATE TABLE `bezeroa` (
  `idBezero` varchar(5) NOT NULL,
  `NAN` varchar(15) NOT NULL,
  `izena` varchar(20) DEFAULT NULL,
  `abizena` varchar(20) DEFAULT NULL,
  `erabiltzailea` varchar(20) NOT NULL,
  `pasahitza` varchar(20) DEFAULT NULL,
  `txartela` int(11) DEFAULT NULL,
  `tlf_zbk` int(11) DEFAULT NULL,
  `sexua` varchar(15) DEFAULT NULL
) ENGINE=InnoDB DEFAULT CHARSET=utf8mb4 COLLATE=utf8mb4_general_ci;

--
-- Volcado de datos para la tabla `bezeroa`
--

INSERT INTO `bezeroa` (`idBezero`, `NAN`, `izena`, `abizena`, `erabiltzailea`, `pasahitza`, `txartela`, `tlf_zbk`, `sexua`) VALUES
('B00', '12345678X', 'admin', 'admin', 'admin', 'admin', 12345678, 666123456, 'admin'),
('B01', '12345678A', 'Juan', 'Pérez', 'juanperez', 'pasahitza', 12345678, 666123456, 'Gizonezkoa'),
('B02', '98765432B', 'María', 'González', 'mariagonzalez', 'pasahitza123', 98765432, 666234567, 'Emakumezkoa'),
('B03', '13579135C', 'Luis', 'Martínez', 'luismartinez', '123456', 13579135, 666345678, 'Gizonezkoa'),
('B04', '24681357D', 'Ana', 'López', 'analorena', 'abcd1234', 24681357, 666456789, 'Emakumezkoa'),
('B05', '15975328E', 'Pedro', 'Sánchez', 'pedrosanchez', 'pasahitza', 15975328, 666567890, 'Gizonezkoa'),
('B06', '36925814F', 'Laura', 'Díaz', 'lauradiaz', 'abcd', 36925814, 666678901, 'Other');

-- --------------------------------------------------------

--
-- Estructura de tabla para la tabla `erosketa`
--

CREATE TABLE `erosketa` (
  `idErosketa` int(10) UNSIGNED NOT NULL,
  `Eguna` date DEFAULT NULL,
  `deskontua` double DEFAULT NULL,
  `diru_totala` double DEFAULT NULL,
  `idMota` int(10) UNSIGNED NOT NULL,
  `idBezero` varchar(5) DEFAULT NULL,
  `jatorria` enum('Fisikoa','Online') DEFAULT NULL
) ENGINE=InnoDB DEFAULT CHARSET=utf8mb4 COLLATE=utf8mb4_general_ci;

--
-- Volcado de datos para la tabla `erosketa`
--

INSERT INTO `erosketa` (`idErosketa`, `Eguna`, `deskontua`, `diru_totala`, `idMota`, `idBezero`, `jatorria`) VALUES
(1, '2024-02-09', 0, 0, 2, 'B02', 'Online'),
(2, '2024-02-10', 0, 0, 1, 'B01', 'Online'),
(3, '2024-02-10', 0, 0, 1, 'B03', 'Online'),
(4, '2023-04-01', 0, 0, 1, 'B04', 'Online'),
(5, '2023-04-01', 0, 0, 4, 'B02', 'Fisikoa'),
(6, '2023-04-01', 0, 0, 1, 'B01', 'Fisikoa');

-- --------------------------------------------------------

--
-- Estructura de tabla para la tabla `filma`
--

CREATE TABLE `filma` (
  `idFilma` int(10) UNSIGNED NOT NULL,
  `izena` varchar(50) DEFAULT NULL,
  `iraupena` int(11) DEFAULT NULL,
  `argitarapenData` varchar(15) DEFAULT NULL,
  `generoa` varchar(20) DEFAULT NULL
) ENGINE=InnoDB DEFAULT CHARSET=utf8mb4 COLLATE=utf8mb4_general_ci;

--
-- Volcado de datos para la tabla `filma`
--

INSERT INTO `filma` (`idFilma`, `izena`, `iraupena`, `argitarapenData`, `generoa`) VALUES
(1, 'Expediente Warren, The Conjuring', 112, '2022-01-15', 'Beldurra'),
(2, 'Get Out', 104, '2017-02-24', 'Beldurra'),
(3, 'Hereditary', 127, '2018-06-04', 'Beldurra'),
(4, 'El Exorcista', 122, '1973-12-26', 'Beldurra'),
(5, 'Anabelle', 99, '2014-09-29', 'Beldurra'),
(6, 'Día de la Independencia', 145, '1996-07-02', 'Zientzia Fikzioa'),
(7, 'Guardianes de la Galaxia', 121, '2014-07-21', 'Zientzia Fikzioa'),
(8, 'Matrix', 136, '1999-03-24', 'Zientzia Fikzioa'),
(9, 'Avatar', 162, '2009-12-18', 'Zientzia Fikzioa'),
(10, 'E.T. el Extraterrestre', 115, '1982-06-11', 'Zientzia Fikzioa'),
(11, 'El Irlandés', 209, '2019-11-27', 'Drama'),
(12, 'Parásitos', 132, '2019-05-21', 'Drama'),
(13, 'Forrest Gump', 142, '1994-07-06', 'Drama'),
(14, 'Titanic', 195, '1997-12-19', 'Drama'),
(15, 'Cazafantasmas', 116, '2016-07-15', 'Komedia'),
(16, 'Dos tontos muy tontos', 107, '1994-12-06', 'Komedia'),
(17, 'Borat', 84, '2006-11-03', 'Komedia'),
(18, 'Resacon en las Vegas', 100, '2009-06-05', 'Komedia'),
(19, 'Shrek', 90, '2001-04-22', 'Komedia'),
(20, 'Cars', 117, '2006-07-06', 'Animazioa'),
(21, 'Handia', 116, '2017-10-20', 'Drama'),
(22, 'La lista de Schindler', 197, '1993-12-15', 'Drama'),
(23, 'Cadena Perpetua', 142, '1994-10-14', 'Drama'),
(24, 'Million Dollar Baby', 133, '2005-12-15', 'Drama'),
(25, '2001, Odisea en el espacio', 142, '1968-04-03', 'Sci-Fi'),
(26, 'La novia de Frankenstein', 75, '1935-04-22', 'Sci-Fi'),
(27, 'El planeta de los simios', 115, '1968-02-08', 'Sci-Fi'),
(28, 'Alien, el octavo pasajero', 117, '1979-05-25', 'Sci-Fi'),
(29, 'Scary movie', 90, '2000-07-07', 'Komedia'),
(30, 'El gran Lebowsky', 119, '1998-03-06', 'Komedia'),
(31, 'La vida de Brian', 94, '1979-08-17', 'Komedia'),
(32, 'Aterriza como puedas', 88, '1980-07-02', 'Komedia'),
(33, 'Psicosis', 109, '1960-09-08', 'Terror'),
(34, 'El resplandor', 146, '1980-06-13', 'Terror'),
(35, 'Drácula', 155, '1931-02-14', 'Terror'),
(36, 'Cisne negro', 110, '2010-12-03', 'Terror');

-- --------------------------------------------------------

--
-- Estructura de tabla para la tabla `saioa`
--

CREATE TABLE `saioa` (
  `idSaioa` int(10) UNSIGNED NOT NULL,
  `idFilma` int(10) UNSIGNED DEFAULT NULL,
  `idZinema` varchar(15) DEFAULT NULL,
  `idAretoa` varchar(10) DEFAULT NULL,
  `Eguna` date DEFAULT NULL,
  `Ordua` time DEFAULT NULL
) ENGINE=InnoDB DEFAULT CHARSET=utf8mb4 COLLATE=utf8mb4_general_ci;

--
-- Volcado de datos para la tabla `saioa`
--

INSERT INTO `saioa` (`idSaioa`, `idFilma`, `idZinema`, `idAretoa`, `Eguna`, `Ordua`) VALUES
(1, 1, 'Z01', 'A01', '2023-04-01', '16:00:00'),
(2, 2, 'Z01', 'A01', '2023-04-01', '19:00:00'),
(3, 3, 'Z01', 'A01', '2023-04-01', '22:00:00'),
(4, 4, 'Z01', 'A02', '2023-04-01', '16:00:00'),
(5, 5, 'Z01', 'A02', '2023-04-01', '19:00:00'),
(6, 6, 'Z01', 'A02', '2023-04-01', '22:00:00'),
(7, 7, 'Z01', 'A03', '2023-04-01', '16:00:00'),
(8, 8, 'Z01', 'A03', '2023-04-01', '19:00:00'),
(9, 9, 'Z01', 'A03', '2023-04-01', '22:00:00'),
(10, 10, 'Z01', 'A04', '2023-04-01', '16:00:00'),
(11, 11, 'Z01', 'A04', '2023-04-01', '19:00:00'),
(12, 12, 'Z01', 'A04', '2023-04-01', '22:00:00'),
(13, 13, 'Z01', 'A05', '2023-04-01', '16:00:00'),
(14, 14, 'Z01', 'A05', '2023-04-01', '19:00:00'),
(15, 1, 'Z01', 'A01', '2024-02-08', '16:00:00'),
(16, 2, 'Z01', 'A01', '2024-02-08', '19:00:00'),
(17, 3, 'Z01', 'A01', '2024-02-08', '22:00:00'),
(18, 4, 'Z01', 'A02', '2024-02-08', '16:00:00'),
(19, 5, 'Z01', 'A02', '2024-02-08', '19:00:00'),
(20, 6, 'Z01', 'A02', '2024-02-08', '22:00:00'),
(21, 7, 'Z01', 'A03', '2024-02-08', '16:00:00'),
(22, 8, 'Z01', 'A03', '2024-02-08', '19:00:00'),
(23, 9, 'Z01', 'A03', '2024-02-08', '22:00:00'),
(24, 10, 'Z01', 'A04', '2024-02-08', '16:00:00'),
(25, 11, 'Z01', 'A04', '2024-02-08', '19:00:00'),
(26, 12, 'Z01', 'A04', '2024-02-08', '22:00:00'),
(27, 13, 'Z01', 'A05', '2024-02-08', '16:00:00'),
(28, 14, 'Z01', 'A05', '2024-02-08', '19:00:00'),
(29, 15, 'Z01', 'A05', '2024-02-08', '22:00:00'),
(30, 16, 'Z02', 'A01', '2024-02-08', '16:00:00'),
(31, 17, 'Z02', 'A01', '2024-02-08', '19:00:00'),
(32, 18, 'Z02', 'A01', '2024-02-08', '22:00:00'),
(33, 19, 'Z02', 'A02', '2024-02-08', '16:00:00'),
(34, 20, 'Z02', 'A02', '2024-02-08', '19:00:00'),
(35, 21, 'Z02', 'A02', '2024-02-08', '22:00:00'),
(36, 22, 'Z02', 'A03', '2024-02-08', '16:00:00'),
(37, 23, 'Z02', 'A03', '2024-02-08', '19:00:00'),
(38, 24, 'Z02', 'A03', '2024-02-08', '22:00:00'),
(39, 25, 'Z02', 'A04', '2024-02-08', '16:00:00'),
(40, 26, 'Z02', 'A04', '2024-02-08', '19:00:00'),
(41, 27, 'Z02', 'A04', '2024-02-08', '22:00:00'),
(42, 28, 'Z02', 'A05', '2024-02-08', '16:00:00'),
(43, 29, 'Z02', 'A05', '2024-02-08', '19:00:00'),
(44, 30, 'Z02', 'A05', '2024-02-08', '22:00:00'),
(45, 31, 'Z03', 'A01', '2024-02-08', '16:00:00'),
(46, 32, 'Z03', 'A01', '2024-02-08', '19:00:00'),
(47, 33, 'Z03', 'A01', '2024-02-08', '22:00:00'),
(48, 34, 'Z03', 'A02', '2024-02-08', '16:00:00'),
(49, 35, 'Z03', 'A02', '2024-02-08', '19:00:00'),
(50, 36, 'Z03', 'A02', '2024-02-08', '22:00:00'),
(51, 1, 'Z03', 'A03', '2024-02-08', '16:00:00'),
(52, 2, 'Z03', 'A03', '2024-02-08', '19:00:00'),
(53, 3, 'Z03', 'A03', '2024-02-08', '22:00:00'),
(54, 4, 'Z03', 'A04', '2024-02-08', '16:00:00'),
(55, 5, 'Z03', 'A04', '2024-02-08', '19:00:00'),
(56, 6, 'Z03', 'A04', '2024-02-08', '22:00:00'),
(57, 7, 'Z03', 'A05', '2024-02-08', '16:00:00'),
(58, 8, 'Z03', 'A05', '2024-02-08', '19:00:00'),
(59, 9, 'Z03', 'A05', '2024-02-08', '22:00:00'),
(60, 10, 'Z04', 'A01', '2024-02-08', '16:00:00'),
(61, 11, 'Z04', 'A01', '2024-02-08', '19:00:00'),
(62, 12, 'Z04', 'A01', '2024-02-08', '22:00:00'),
(63, 13, 'Z04', 'A02', '2024-02-08', '16:00:00'),
(64, 14, 'Z04', 'A02', '2024-02-08', '19:00:00'),
(65, 15, 'Z04', 'A02', '2024-02-08', '22:00:00'),
(66, 16, 'Z04', 'A03', '2024-02-08', '16:00:00'),
(67, 17, 'Z04', 'A03', '2024-02-08', '19:00:00'),
(68, 18, 'Z04', 'A03', '2024-02-08', '22:00:00'),
(69, 19, 'Z04', 'A04', '2024-02-08', '16:00:00'),
(70, 20, 'Z04', 'A04', '2024-02-08', '19:00:00'),
(71, 21, 'Z04', 'A04', '2024-02-08', '22:00:00'),
(72, 22, 'Z04', 'A05', '2024-02-08', '16:00:00'),
(73, 23, 'Z04', 'A05', '2024-02-08', '19:00:00'),
(74, 24, 'Z04', 'A05', '2024-02-08', '22:00:00'),
(75, 25, 'Z05', 'A01', '2024-02-08', '16:00:00'),
(76, 26, 'Z05', 'A01', '2024-02-08', '19:00:00'),
(77, 27, 'Z05', 'A01', '2024-02-08', '22:00:00'),
(78, 28, 'Z05', 'A02', '2024-02-08', '16:00:00'),
(79, 29, 'Z05', 'A02', '2024-02-08', '19:00:00'),
(80, 30, 'Z05', 'A02', '2024-02-08', '22:00:00'),
(81, 31, 'Z05', 'A03', '2024-02-08', '16:00:00'),
(82, 32, 'Z05', 'A03', '2024-02-08', '19:00:00'),
(83, 33, 'Z05', 'A03', '2024-02-08', '22:00:00'),
(84, 34, 'Z05', 'A04', '2024-02-08', '16:00:00'),
(85, 35, 'Z05', 'A04', '2024-02-08', '19:00:00'),
(86, 36, 'Z05', 'A04', '2024-02-08', '22:00:00'),
(87, 1, 'Z05', 'A05', '2024-02-08', '16:00:00'),
(88, 2, 'Z05', 'A05', '2024-02-08', '19:00:00'),
(89, 3, 'Z05', 'A05', '2024-02-08', '22:00:00'),
(90, 1, 'Z01', 'A01', '2024-02-09', '16:00:00'),
(91, 2, 'Z01', 'A01', '2024-02-09', '19:00:00'),
(92, 3, 'Z01', 'A01', '2024-02-09', '22:00:00'),
(93, 4, 'Z01', 'A02', '2024-02-09', '16:00:00'),
(94, 5, 'Z01', 'A02', '2024-02-09', '19:00:00'),
(95, 6, 'Z01', 'A02', '2024-02-09', '22:00:00'),
(96, 7, 'Z01', 'A03', '2024-02-09', '16:00:00'),
(97, 8, 'Z01', 'A03', '2024-02-09', '19:00:00'),
(98, 9, 'Z01', 'A03', '2024-02-09', '22:00:00'),
(99, 10, 'Z01', 'A04', '2024-02-09', '16:00:00'),
(100, 11, 'Z01', 'A04', '2024-02-09', '19:00:00'),
(101, 12, 'Z01', 'A04', '2024-02-09', '22:00:00'),
(102, 13, 'Z01', 'A05', '2024-02-09', '16:00:00'),
(103, 14, 'Z01', 'A05', '2024-02-09', '19:00:00'),
(104, 15, 'Z01', 'A05', '2024-02-09', '22:00:00'),
(105, 16, 'Z02', 'A01', '2024-02-09', '16:00:00'),
(106, 17, 'Z02', 'A01', '2024-02-09', '19:00:00'),
(107, 18, 'Z02', 'A01', '2024-02-09', '22:00:00'),
(108, 19, 'Z02', 'A02', '2024-02-09', '16:00:00'),
(109, 20, 'Z02', 'A02', '2024-02-09', '19:00:00'),
(110, 21, 'Z02', 'A02', '2024-02-09', '22:00:00'),
(111, 22, 'Z02', 'A03', '2024-02-09', '16:00:00'),
(112, 23, 'Z02', 'A03', '2024-02-09', '19:00:00'),
(113, 24, 'Z02', 'A03', '2024-02-09', '22:00:00'),
(114, 25, 'Z02', 'A04', '2024-02-09', '16:00:00'),
(115, 26, 'Z02', 'A04', '2024-02-09', '19:00:00'),
(116, 27, 'Z02', 'A04', '2024-02-09', '22:00:00'),
(117, 28, 'Z02', 'A05', '2024-02-09', '16:00:00'),
(118, 29, 'Z02', 'A05', '2024-02-09', '19:00:00'),
(119, 30, 'Z02', 'A05', '2024-02-09', '22:00:00'),
(120, 31, 'Z03', 'A01', '2024-02-09', '16:00:00'),
(121, 32, 'Z03', 'A01', '2024-02-09', '19:00:00'),
(122, 33, 'Z03', 'A01', '2024-02-09', '22:00:00'),
(123, 34, 'Z03', 'A02', '2024-02-09', '16:00:00'),
(124, 35, 'Z03', 'A02', '2024-02-09', '19:00:00'),
(125, 36, 'Z03', 'A02', '2024-02-09', '22:00:00'),
(126, 1, 'Z03', 'A03', '2024-02-09', '16:00:00'),
(127, 2, 'Z03', 'A03', '2024-02-09', '19:00:00'),
(128, 3, 'Z03', 'A03', '2024-02-09', '22:00:00'),
(129, 4, 'Z03', 'A04', '2024-02-09', '16:00:00'),
(130, 5, 'Z03', 'A04', '2024-02-09', '19:00:00'),
(131, 6, 'Z03', 'A04', '2024-02-09', '22:00:00'),
(132, 7, 'Z03', 'A05', '2024-02-09', '16:00:00'),
(133, 8, 'Z03', 'A05', '2024-02-09', '19:00:00'),
(134, 9, 'Z03', 'A05', '2024-02-09', '22:00:00'),
(135, 10, 'Z04', 'A01', '2024-02-09', '16:00:00'),
(136, 11, 'Z04', 'A01', '2024-02-09', '19:00:00'),
(137, 12, 'Z04', 'A01', '2024-02-09', '22:00:00'),
(138, 13, 'Z04', 'A02', '2024-02-09', '16:00:00'),
(139, 14, 'Z04', 'A02', '2024-02-09', '19:00:00'),
(140, 15, 'Z04', 'A02', '2024-02-09', '22:00:00'),
(141, 16, 'Z04', 'A03', '2024-02-09', '16:00:00'),
(142, 17, 'Z04', 'A03', '2024-02-09', '19:00:00'),
(143, 18, 'Z04', 'A03', '2024-02-09', '22:00:00'),
(144, 19, 'Z04', 'A04', '2024-02-09', '16:00:00'),
(145, 20, 'Z04', 'A04', '2024-02-09', '19:00:00'),
(146, 21, 'Z04', 'A04', '2024-02-09', '22:00:00'),
(147, 22, 'Z04', 'A05', '2024-02-09', '16:00:00'),
(148, 23, 'Z04', 'A05', '2024-02-09', '19:00:00'),
(149, 24, 'Z04', 'A05', '2024-02-09', '22:00:00'),
(150, 25, 'Z05', 'A01', '2024-02-09', '16:00:00'),
(151, 26, 'Z05', 'A01', '2024-02-09', '19:00:00'),
(152, 27, 'Z05', 'A01', '2024-02-09', '22:00:00'),
(153, 28, 'Z05', 'A02', '2024-02-09', '16:00:00'),
(154, 29, 'Z05', 'A02', '2024-02-09', '19:00:00'),
(155, 30, 'Z05', 'A02', '2024-02-09', '22:00:00'),
(156, 31, 'Z05', 'A03', '2024-02-09', '16:00:00'),
(157, 32, 'Z05', 'A03', '2024-02-09', '19:00:00'),
(158, 33, 'Z05', 'A03', '2024-02-09', '22:00:00'),
(159, 34, 'Z05', 'A04', '2024-02-09', '16:00:00'),
(160, 35, 'Z05', 'A04', '2024-02-09', '19:00:00'),
(161, 36, 'Z05', 'A04', '2024-02-09', '22:00:00'),
(162, 1, 'Z05', 'A05', '2024-02-09', '16:00:00'),
(163, 2, 'Z05', 'A05', '2024-02-09', '19:00:00'),
(164, 3, 'Z05', 'A05', '2024-02-09', '22:00:00'),
(165, 1, 'Z01', 'A01', '2024-02-10', '16:00:00'),
(166, 2, 'Z01', 'A01', '2024-02-10', '19:00:00'),
(167, 3, 'Z01', 'A01', '2024-02-10', '22:00:00'),
(168, 4, 'Z01', 'A02', '2024-02-10', '16:00:00'),
(169, 5, 'Z01', 'A02', '2024-02-10', '19:00:00'),
(170, 6, 'Z01', 'A02', '2024-02-10', '22:00:00'),
(171, 7, 'Z01', 'A03', '2024-02-10', '16:00:00'),
(172, 8, 'Z01', 'A03', '2024-02-10', '19:00:00'),
(173, 9, 'Z01', 'A03', '2024-02-10', '22:00:00'),
(174, 10, 'Z01', 'A04', '2024-02-10', '16:00:00'),
(175, 11, 'Z01', 'A04', '2024-02-10', '19:00:00'),
(176, 12, 'Z01', 'A04', '2024-02-10', '22:00:00'),
(177, 13, 'Z01', 'A05', '2024-02-10', '16:00:00'),
(178, 14, 'Z01', 'A05', '2024-02-10', '19:00:00'),
(179, 15, 'Z01', 'A05', '2024-02-10', '22:00:00'),
(180, 16, 'Z02', 'A01', '2024-02-10', '16:00:00'),
(181, 17, 'Z02', 'A01', '2024-02-10', '19:00:00'),
(182, 18, 'Z02', 'A01', '2024-02-10', '22:00:00'),
(183, 19, 'Z02', 'A02', '2024-02-10', '16:00:00'),
(184, 20, 'Z02', 'A02', '2024-02-10', '19:00:00'),
(185, 21, 'Z02', 'A02', '2024-02-10', '22:00:00'),
(186, 22, 'Z02', 'A03', '2024-02-10', '16:00:00'),
(187, 23, 'Z02', 'A03', '2024-02-10', '19:00:00'),
(188, 24, 'Z02', 'A03', '2024-02-10', '22:00:00'),
(189, 25, 'Z02', 'A04', '2024-02-10', '16:00:00'),
(190, 26, 'Z02', 'A04', '2024-02-10', '19:00:00'),
(191, 27, 'Z02', 'A04', '2024-02-10', '22:00:00'),
(192, 28, 'Z02', 'A05', '2024-02-10', '16:00:00'),
(193, 29, 'Z02', 'A05', '2024-02-10', '19:00:00'),
(194, 30, 'Z02', 'A05', '2024-02-10', '22:00:00'),
(195, 31, 'Z03', 'A01', '2024-02-10', '16:00:00'),
(196, 32, 'Z03', 'A01', '2024-02-10', '19:00:00'),
(197, 33, 'Z03', 'A01', '2024-02-10', '22:00:00'),
(198, 34, 'Z03', 'A02', '2024-02-10', '16:00:00'),
(199, 35, 'Z03', 'A02', '2024-02-10', '19:00:00'),
(200, 36, 'Z03', 'A02', '2024-02-10', '22:00:00'),
(201, 1, 'Z03', 'A03', '2024-02-10', '16:00:00'),
(202, 2, 'Z03', 'A03', '2024-02-10', '19:00:00'),
(203, 3, 'Z03', 'A03', '2024-02-10', '22:00:00'),
(204, 4, 'Z03', 'A04', '2024-02-10', '16:00:00'),
(205, 5, 'Z03', 'A04', '2024-02-10', '19:00:00'),
(206, 6, 'Z03', 'A04', '2024-02-10', '22:00:00'),
(207, 7, 'Z03', 'A05', '2024-02-10', '16:00:00'),
(208, 8, 'Z03', 'A05', '2024-02-10', '19:00:00'),
(209, 9, 'Z03', 'A05', '2024-02-10', '22:00:00'),
(210, 10, 'Z04', 'A01', '2024-02-10', '16:00:00'),
(211, 11, 'Z04', 'A01', '2024-02-10', '19:00:00'),
(212, 12, 'Z04', 'A01', '2024-02-10', '22:00:00'),
(213, 13, 'Z04', 'A02', '2024-02-10', '16:00:00'),
(214, 14, 'Z04', 'A02', '2024-02-10', '19:00:00'),
(215, 15, 'Z04', 'A02', '2024-02-10', '22:00:00'),
(216, 16, 'Z04', 'A03', '2024-02-10', '16:00:00'),
(217, 17, 'Z04', 'A03', '2024-02-10', '19:00:00'),
(218, 18, 'Z04', 'A03', '2024-02-10', '22:00:00'),
(219, 19, 'Z04', 'A04', '2024-02-10', '16:00:00'),
(220, 20, 'Z04', 'A04', '2024-02-10', '19:00:00'),
(221, 21, 'Z04', 'A04', '2024-02-10', '22:00:00'),
(222, 22, 'Z04', 'A05', '2024-02-10', '16:00:00'),
(223, 23, 'Z04', 'A05', '2024-02-10', '19:00:00'),
(224, 24, 'Z04', 'A05', '2024-02-10', '22:00:00'),
(225, 25, 'Z05', 'A01', '2024-02-10', '16:00:00'),
(226, 26, 'Z05', 'A01', '2024-02-10', '19:00:00'),
(227, 27, 'Z05', 'A01', '2024-02-10', '22:00:00'),
(228, 28, 'Z05', 'A02', '2024-02-10', '16:00:00'),
(229, 29, 'Z05', 'A02', '2024-02-10', '19:00:00'),
(230, 30, 'Z05', 'A02', '2024-02-10', '22:00:00'),
(231, 31, 'Z05', 'A03', '2024-02-10', '16:00:00'),
(232, 32, 'Z05', 'A03', '2024-02-10', '19:00:00'),
(233, 33, 'Z05', 'A03', '2024-02-10', '22:00:00'),
(234, 34, 'Z05', 'A04', '2024-02-10', '16:00:00'),
(235, 35, 'Z05', 'A04', '2024-02-10', '19:00:00'),
(236, 36, 'Z05', 'A04', '2024-02-10', '22:00:00'),
(237, 1, 'Z05', 'A05', '2024-02-10', '16:00:00'),
(238, 2, 'Z05', 'A05', '2024-02-10', '19:00:00'),
(239, 3, 'Z05', 'A05', '2024-02-10', '22:00:00'),
(240, 1, 'Z01', 'A01', '2024-02-11', '16:00:00'),
(241, 2, 'Z01', 'A01', '2024-02-11', '19:00:00'),
(242, 3, 'Z01', 'A01', '2024-02-11', '22:00:00'),
(243, 4, 'Z01', 'A02', '2024-02-11', '16:00:00'),
(244, 5, 'Z01', 'A02', '2024-02-11', '19:00:00'),
(245, 6, 'Z01', 'A02', '2024-02-11', '22:00:00'),
(246, 7, 'Z01', 'A03', '2024-02-11', '16:00:00'),
(247, 8, 'Z01', 'A03', '2024-02-11', '19:00:00'),
(248, 9, 'Z01', 'A03', '2024-02-11', '22:00:00'),
(249, 10, 'Z01', 'A04', '2024-02-11', '16:00:00'),
(250, 11, 'Z01', 'A04', '2024-02-11', '19:00:00'),
(251, 12, 'Z01', 'A04', '2024-02-11', '22:00:00'),
(252, 13, 'Z01', 'A05', '2024-02-11', '16:00:00'),
(253, 14, 'Z01', 'A05', '2024-02-11', '19:00:00'),
(254, 15, 'Z01', 'A05', '2024-02-11', '22:00:00'),
(255, 16, 'Z02', 'A01', '2024-02-11', '16:00:00'),
(256, 17, 'Z02', 'A01', '2024-02-11', '19:00:00'),
(257, 18, 'Z02', 'A01', '2024-02-11', '22:00:00'),
(258, 19, 'Z02', 'A02', '2024-02-11', '16:00:00'),
(259, 20, 'Z02', 'A02', '2024-02-11', '19:00:00'),
(260, 21, 'Z02', 'A02', '2024-02-11', '22:00:00'),
(261, 22, 'Z02', 'A03', '2024-02-11', '16:00:00'),
(262, 23, 'Z02', 'A03', '2024-02-11', '19:00:00'),
(263, 24, 'Z02', 'A03', '2024-02-11', '22:00:00'),
(264, 25, 'Z02', 'A04', '2024-02-11', '16:00:00'),
(265, 26, 'Z02', 'A04', '2024-02-11', '19:00:00'),
(266, 27, 'Z02', 'A04', '2024-02-11', '22:00:00'),
(267, 28, 'Z02', 'A05', '2024-02-11', '16:00:00'),
(268, 29, 'Z02', 'A05', '2024-02-11', '19:00:00'),
(269, 30, 'Z02', 'A05', '2024-02-11', '22:00:00'),
(270, 31, 'Z03', 'A01', '2024-02-11', '16:00:00'),
(271, 32, 'Z03', 'A01', '2024-02-11', '19:00:00'),
(272, 33, 'Z03', 'A01', '2024-02-11', '22:00:00'),
(273, 34, 'Z03', 'A02', '2024-02-11', '16:00:00'),
(274, 35, 'Z03', 'A02', '2024-02-11', '19:00:00'),
(275, 36, 'Z03', 'A02', '2024-02-11', '22:00:00'),
(276, 1, 'Z03', 'A03', '2024-02-11', '16:00:00'),
(277, 2, 'Z03', 'A03', '2024-02-11', '19:00:00'),
(278, 3, 'Z03', 'A03', '2024-02-11', '22:00:00'),
(279, 4, 'Z03', 'A04', '2024-02-11', '16:00:00'),
(280, 5, 'Z03', 'A04', '2024-02-11', '19:00:00'),
(281, 6, 'Z03', 'A04', '2024-02-11', '22:00:00'),
(282, 7, 'Z03', 'A05', '2024-02-11', '16:00:00'),
(283, 8, 'Z03', 'A05', '2024-02-11', '19:00:00'),
(284, 9, 'Z03', 'A05', '2024-02-11', '22:00:00'),
(285, 10, 'Z04', 'A01', '2024-02-11', '16:00:00'),
(286, 11, 'Z04', 'A01', '2024-02-11', '19:00:00'),
(287, 12, 'Z04', 'A01', '2024-02-11', '22:00:00'),
(288, 13, 'Z04', 'A02', '2024-02-11', '16:00:00'),
(289, 14, 'Z04', 'A02', '2024-02-11', '19:00:00'),
(290, 15, 'Z04', 'A02', '2024-02-11', '22:00:00'),
(291, 16, 'Z04', 'A03', '2024-02-11', '16:00:00'),
(292, 17, 'Z04', 'A03', '2024-02-11', '19:00:00'),
(293, 18, 'Z04', 'A03', '2024-02-11', '22:00:00'),
(294, 19, 'Z04', 'A04', '2024-02-11', '16:00:00'),
(295, 20, 'Z04', 'A04', '2024-02-11', '19:00:00'),
(296, 21, 'Z04', 'A04', '2024-02-11', '22:00:00'),
(297, 22, 'Z04', 'A05', '2024-02-11', '16:00:00'),
(298, 23, 'Z04', 'A05', '2024-02-11', '19:00:00'),
(299, 24, 'Z04', 'A05', '2024-02-11', '22:00:00'),
(300, 25, 'Z05', 'A01', '2024-02-11', '16:00:00'),
(301, 26, 'Z05', 'A01', '2024-02-11', '19:00:00'),
(302, 27, 'Z05', 'A01', '2024-02-11', '22:00:00'),
(303, 28, 'Z05', 'A02', '2024-02-11', '16:00:00'),
(304, 29, 'Z05', 'A02', '2024-02-11', '19:00:00'),
(305, 30, 'Z05', 'A02', '2024-02-11', '22:00:00'),
(306, 31, 'Z05', 'A03', '2024-02-11', '16:00:00'),
(307, 32, 'Z05', 'A03', '2024-02-11', '19:00:00'),
(308, 33, 'Z05', 'A03', '2024-02-11', '22:00:00'),
(309, 34, 'Z05', 'A04', '2024-02-11', '16:00:00'),
(310, 35, 'Z05', 'A04', '2024-02-11', '19:00:00'),
(311, 36, 'Z05', 'A04', '2024-02-11', '22:00:00'),
(312, 1, 'Z05', 'A05', '2024-02-11', '16:00:00'),
(313, 2, 'Z05', 'A05', '2024-02-11', '19:00:00'),
(314, 3, 'Z05', 'A05', '2024-02-12', '22:00:00'),
(315, 1, 'Z01', 'A01', '2024-02-12', '16:00:00'),
(316, 2, 'Z01', 'A01', '2024-02-12', '19:00:00'),
(317, 3, 'Z01', 'A01', '2024-02-12', '22:00:00'),
(318, 4, 'Z01', 'A02', '2024-02-12', '16:00:00'),
(319, 5, 'Z01', 'A02', '2024-02-12', '19:00:00'),
(320, 6, 'Z01', 'A02', '2024-02-12', '22:00:00'),
(321, 7, 'Z01', 'A03', '2024-02-12', '16:00:00'),
(322, 8, 'Z01', 'A03', '2024-02-12', '19:00:00'),
(323, 9, 'Z01', 'A03', '2024-02-12', '22:00:00'),
(324, 10, 'Z01', 'A04', '2024-02-12', '16:00:00'),
(325, 11, 'Z01', 'A04', '2024-02-12', '19:00:00'),
(326, 12, 'Z01', 'A04', '2024-02-12', '22:00:00'),
(327, 13, 'Z01', 'A05', '2024-02-12', '16:00:00'),
(328, 14, 'Z01', 'A05', '2024-02-12', '19:00:00'),
(329, 15, 'Z01', 'A05', '2024-02-12', '22:00:00'),
(330, 16, 'Z02', 'A01', '2024-02-12', '16:00:00'),
(331, 17, 'Z02', 'A01', '2024-02-12', '19:00:00'),
(332, 18, 'Z02', 'A01', '2024-02-12', '22:00:00'),
(333, 19, 'Z02', 'A02', '2024-02-12', '16:00:00'),
(334, 20, 'Z02', 'A02', '2024-02-12', '19:00:00'),
(335, 21, 'Z02', 'A02', '2024-02-12', '22:00:00'),
(336, 22, 'Z02', 'A03', '2024-02-12', '16:00:00'),
(337, 23, 'Z02', 'A03', '2024-02-12', '19:00:00'),
(338, 24, 'Z02', 'A03', '2024-02-12', '22:00:00'),
(339, 25, 'Z02', 'A04', '2024-02-12', '16:00:00'),
(340, 26, 'Z02', 'A04', '2024-02-12', '19:00:00'),
(341, 27, 'Z02', 'A04', '2024-02-12', '22:00:00'),
(342, 28, 'Z02', 'A05', '2024-02-12', '16:00:00'),
(343, 29, 'Z02', 'A05', '2024-02-12', '19:00:00'),
(344, 30, 'Z02', 'A05', '2024-02-12', '22:00:00'),
(345, 31, 'Z03', 'A01', '2024-02-12', '16:00:00'),
(346, 32, 'Z03', 'A01', '2024-02-12', '19:00:00'),
(347, 33, 'Z03', 'A01', '2024-02-12', '22:00:00'),
(348, 34, 'Z03', 'A02', '2024-02-12', '16:00:00'),
(349, 35, 'Z03', 'A02', '2024-02-12', '19:00:00'),
(350, 36, 'Z03', 'A02', '2024-02-12', '22:00:00'),
(351, 1, 'Z03', 'A03', '2024-02-12', '16:00:00'),
(352, 2, 'Z03', 'A03', '2024-02-12', '19:00:00'),
(353, 3, 'Z03', 'A03', '2024-02-12', '22:00:00'),
(354, 4, 'Z03', 'A04', '2024-02-12', '16:00:00'),
(355, 5, 'Z03', 'A04', '2024-02-12', '19:00:00'),
(356, 6, 'Z03', 'A04', '2024-02-12', '22:00:00'),
(357, 7, 'Z03', 'A05', '2024-02-12', '16:00:00'),
(358, 8, 'Z03', 'A05', '2024-02-12', '19:00:00'),
(359, 9, 'Z03', 'A05', '2024-02-12', '22:00:00'),
(360, 10, 'Z04', 'A01', '2024-02-12', '16:00:00'),
(361, 11, 'Z04', 'A01', '2024-02-12', '19:00:00'),
(362, 12, 'Z04', 'A01', '2024-02-12', '22:00:00'),
(363, 13, 'Z04', 'A02', '2024-02-12', '16:00:00'),
(364, 14, 'Z04', 'A02', '2024-02-12', '19:00:00'),
(365, 15, 'Z04', 'A02', '2024-02-12', '22:00:00'),
(366, 16, 'Z04', 'A03', '2024-02-12', '16:00:00'),
(367, 17, 'Z04', 'A03', '2024-02-12', '19:00:00'),
(368, 18, 'Z04', 'A03', '2024-02-12', '22:00:00'),
(369, 19, 'Z04', 'A04', '2024-02-12', '16:00:00'),
(370, 20, 'Z04', 'A04', '2024-02-12', '19:00:00'),
(371, 21, 'Z04', 'A04', '2024-02-12', '22:00:00'),
(372, 22, 'Z04', 'A05', '2024-02-12', '16:00:00'),
(373, 23, 'Z04', 'A05', '2024-02-12', '19:00:00'),
(374, 24, 'Z04', 'A05', '2024-02-12', '22:00:00'),
(375, 25, 'Z05', 'A01', '2024-02-12', '16:00:00'),
(376, 26, 'Z05', 'A01', '2024-02-12', '19:00:00'),
(377, 27, 'Z05', 'A01', '2024-02-12', '22:00:00'),
(378, 28, 'Z05', 'A02', '2024-02-12', '16:00:00'),
(379, 29, 'Z05', 'A02', '2024-02-12', '19:00:00'),
(380, 30, 'Z05', 'A02', '2024-02-12', '22:00:00'),
(381, 31, 'Z05', 'A03', '2024-02-12', '16:00:00'),
(382, 32, 'Z05', 'A03', '2024-02-12', '19:00:00'),
(383, 33, 'Z05', 'A03', '2024-02-12', '22:00:00'),
(384, 34, 'Z05', 'A04', '2024-02-12', '16:00:00'),
(385, 35, 'Z05', 'A04', '2024-02-12', '19:00:00'),
(386, 36, 'Z05', 'A04', '2024-02-12', '22:00:00'),
(387, 1, 'Z05', 'A05', '2024-02-12', '16:00:00'),
(388, 2, 'Z05', 'A05', '2024-02-12', '19:00:00'),
(389, 3, 'Z05', 'A05', '2024-02-12', '22:00:00'),
(390, 1, 'Z01', 'A01', '2024-02-13', '16:00:00'),
(391, 2, 'Z01', 'A01', '2024-02-13', '19:00:00'),
(392, 3, 'Z01', 'A01', '2024-02-13', '22:00:00'),
(393, 4, 'Z01', 'A02', '2024-02-13', '16:00:00'),
(394, 5, 'Z01', 'A02', '2024-02-13', '19:00:00'),
(395, 6, 'Z01', 'A02', '2024-02-13', '22:00:00'),
(396, 7, 'Z01', 'A03', '2024-02-13', '16:00:00'),
(397, 8, 'Z01', 'A03', '2024-02-13', '19:00:00'),
(398, 9, 'Z01', 'A03', '2024-02-13', '22:00:00'),
(399, 10, 'Z01', 'A04', '2024-02-13', '16:00:00'),
(400, 11, 'Z01', 'A04', '2024-02-13', '19:00:00'),
(401, 12, 'Z01', 'A04', '2024-02-13', '22:00:00'),
(402, 13, 'Z01', 'A05', '2024-02-13', '16:00:00'),
(403, 14, 'Z01', 'A05', '2024-02-13', '19:00:00'),
(404, 15, 'Z01', 'A05', '2024-02-13', '22:00:00'),
(405, 16, 'Z02', 'A01', '2024-02-13', '16:00:00'),
(406, 17, 'Z02', 'A01', '2024-02-13', '19:00:00'),
(407, 18, 'Z02', 'A01', '2024-02-13', '22:00:00'),
(408, 19, 'Z02', 'A02', '2024-02-13', '16:00:00'),
(409, 20, 'Z02', 'A02', '2024-02-13', '19:00:00'),
(410, 21, 'Z02', 'A02', '2024-02-13', '22:00:00'),
(411, 22, 'Z02', 'A03', '2024-02-13', '16:00:00'),
(412, 23, 'Z02', 'A03', '2024-02-13', '19:00:00'),
(413, 24, 'Z02', 'A03', '2024-02-13', '22:00:00'),
(414, 25, 'Z02', 'A04', '2024-02-13', '16:00:00'),
(415, 26, 'Z02', 'A04', '2024-02-13', '19:00:00'),
(416, 27, 'Z02', 'A04', '2024-02-13', '22:00:00'),
(417, 28, 'Z02', 'A05', '2024-02-13', '16:00:00'),
(418, 29, 'Z02', 'A05', '2024-02-13', '19:00:00'),
(419, 30, 'Z02', 'A05', '2024-02-13', '22:00:00'),
(420, 31, 'Z03', 'A01', '2024-02-13', '16:00:00'),
(421, 32, 'Z03', 'A01', '2024-02-13', '19:00:00'),
(422, 33, 'Z03', 'A01', '2024-02-13', '22:00:00'),
(423, 34, 'Z03', 'A02', '2024-02-13', '16:00:00'),
(424, 35, 'Z03', 'A02', '2024-02-13', '19:00:00'),
(425, 36, 'Z03', 'A02', '2024-02-13', '22:00:00'),
(426, 1, 'Z03', 'A03', '2024-02-13', '16:00:00'),
(427, 2, 'Z03', 'A03', '2024-02-13', '19:00:00'),
(428, 3, 'Z03', 'A03', '2024-02-13', '22:00:00'),
(429, 4, 'Z03', 'A04', '2024-02-13', '16:00:00'),
(430, 5, 'Z03', 'A04', '2024-02-13', '19:00:00'),
(431, 6, 'Z03', 'A04', '2024-02-13', '22:00:00'),
(432, 7, 'Z03', 'A05', '2024-02-13', '16:00:00'),
(433, 8, 'Z03', 'A05', '2024-02-13', '19:00:00'),
(434, 9, 'Z03', 'A05', '2024-02-13', '22:00:00'),
(435, 10, 'Z04', 'A01', '2024-02-13', '16:00:00'),
(436, 11, 'Z04', 'A01', '2024-02-13', '19:00:00'),
(437, 12, 'Z04', 'A01', '2024-02-13', '22:00:00'),
(438, 13, 'Z04', 'A02', '2024-02-13', '16:00:00'),
(439, 14, 'Z04', 'A02', '2024-02-13', '19:00:00'),
(440, 15, 'Z04', 'A02', '2024-02-13', '22:00:00'),
(441, 16, 'Z04', 'A03', '2024-02-13', '16:00:00'),
(442, 17, 'Z04', 'A03', '2024-02-13', '19:00:00'),
(443, 18, 'Z04', 'A03', '2024-02-13', '22:00:00'),
(444, 19, 'Z04', 'A04', '2024-02-13', '16:00:00'),
(445, 20, 'Z04', 'A04', '2024-02-13', '19:00:00'),
(446, 21, 'Z04', 'A04', '2024-02-13', '22:00:00'),
(447, 22, 'Z04', 'A05', '2024-02-13', '16:00:00'),
(448, 23, 'Z04', 'A05', '2024-02-13', '19:00:00'),
(449, 24, 'Z04', 'A05', '2024-02-13', '22:00:00'),
(450, 25, 'Z05', 'A01', '2024-02-13', '16:00:00'),
(451, 26, 'Z05', 'A01', '2024-02-13', '19:00:00'),
(452, 27, 'Z05', 'A01', '2024-02-13', '22:00:00'),
(453, 28, 'Z05', 'A02', '2024-02-13', '16:00:00'),
(454, 29, 'Z05', 'A02', '2024-02-13', '19:00:00'),
(455, 30, 'Z05', 'A02', '2024-02-13', '22:00:00'),
(456, 31, 'Z05', 'A03', '2024-02-13', '16:00:00'),
(457, 32, 'Z05', 'A03', '2024-02-13', '19:00:00'),
(458, 33, 'Z05', 'A03', '2024-02-13', '22:00:00'),
(459, 34, 'Z05', 'A04', '2024-02-13', '16:00:00'),
(460, 35, 'Z05', 'A04', '2024-02-13', '19:00:00'),
(461, 36, 'Z05', 'A04', '2024-02-13', '22:00:00'),
(462, 1, 'Z05', 'A05', '2024-02-13', '16:00:00'),
(463, 2, 'Z05', 'A05', '2024-02-13', '19:00:00'),
(464, 3, 'Z05', 'A05', '2024-02-13', '22:00:00'),
(465, 1, 'Z01', 'A01', '2024-02-14', '16:00:00'),
(466, 2, 'Z01', 'A01', '2024-02-14', '19:00:00'),
(467, 3, 'Z01', 'A01', '2024-02-14', '22:00:00'),
(468, 4, 'Z01', 'A02', '2024-02-14', '16:00:00'),
(469, 5, 'Z01', 'A02', '2024-02-14', '19:00:00'),
(470, 6, 'Z01', 'A02', '2024-02-14', '22:00:00'),
(471, 7, 'Z01', 'A03', '2024-02-14', '16:00:00'),
(472, 8, 'Z01', 'A03', '2024-02-14', '19:00:00'),
(473, 9, 'Z01', 'A03', '2024-02-14', '22:00:00'),
(474, 10, 'Z01', 'A04', '2024-02-14', '16:00:00'),
(475, 11, 'Z01', 'A04', '2024-02-14', '19:00:00'),
(476, 12, 'Z01', 'A04', '2024-02-14', '22:00:00'),
(477, 13, 'Z01', 'A05', '2024-02-14', '16:00:00'),
(478, 14, 'Z01', 'A05', '2024-02-14', '19:00:00'),
(479, 15, 'Z01', 'A05', '2024-02-14', '22:00:00'),
(480, 16, 'Z02', 'A01', '2024-02-14', '16:00:00'),
(481, 17, 'Z02', 'A01', '2024-02-14', '19:00:00'),
(482, 18, 'Z02', 'A01', '2024-02-14', '22:00:00'),
(483, 19, 'Z02', 'A02', '2024-02-14', '16:00:00'),
(484, 20, 'Z02', 'A02', '2024-02-14', '19:00:00'),
(485, 21, 'Z02', 'A02', '2024-02-14', '22:00:00'),
(486, 22, 'Z02', 'A03', '2024-02-14', '16:00:00'),
(487, 23, 'Z02', 'A03', '2024-02-14', '19:00:00'),
(488, 24, 'Z02', 'A03', '2024-02-14', '22:00:00'),
(489, 25, 'Z02', 'A04', '2024-02-14', '16:00:00'),
(490, 26, 'Z02', 'A04', '2024-02-14', '19:00:00'),
(491, 27, 'Z02', 'A04', '2024-02-14', '22:00:00'),
(492, 28, 'Z02', 'A05', '2024-02-14', '16:00:00'),
(493, 29, 'Z02', 'A05', '2024-02-14', '19:00:00'),
(494, 30, 'Z02', 'A05', '2024-02-14', '22:00:00'),
(495, 31, 'Z03', 'A01', '2024-02-14', '16:00:00'),
(496, 32, 'Z03', 'A01', '2024-02-14', '19:00:00'),
(497, 33, 'Z03', 'A01', '2024-02-14', '22:00:00'),
(498, 34, 'Z03', 'A02', '2024-02-14', '16:00:00'),
(499, 35, 'Z03', 'A02', '2024-02-14', '19:00:00'),
(500, 36, 'Z03', 'A02', '2024-02-14', '22:00:00'),
(501, 1, 'Z03', 'A03', '2024-02-14', '16:00:00'),
(502, 2, 'Z03', 'A03', '2024-02-14', '19:00:00'),
(503, 3, 'Z03', 'A03', '2024-02-14', '22:00:00'),
(504, 4, 'Z03', 'A04', '2024-02-14', '16:00:00'),
(505, 5, 'Z03', 'A04', '2024-02-14', '19:00:00'),
(506, 6, 'Z03', 'A04', '2024-02-14', '22:00:00'),
(507, 7, 'Z03', 'A05', '2024-02-14', '16:00:00'),
(508, 8, 'Z03', 'A05', '2024-02-14', '19:00:00'),
(509, 9, 'Z03', 'A05', '2024-02-14', '22:00:00'),
(510, 10, 'Z04', 'A01', '2024-02-14', '16:00:00'),
(511, 11, 'Z04', 'A01', '2024-02-14', '19:00:00'),
(512, 12, 'Z04', 'A01', '2024-02-14', '22:00:00'),
(513, 13, 'Z04', 'A02', '2024-02-14', '16:00:00'),
(514, 14, 'Z04', 'A02', '2024-02-14', '19:00:00'),
(515, 15, 'Z04', 'A02', '2024-02-14', '22:00:00'),
(516, 16, 'Z04', 'A03', '2024-02-14', '16:00:00'),
(517, 17, 'Z04', 'A03', '2024-02-14', '19:00:00'),
(518, 18, 'Z04', 'A03', '2024-02-14', '22:00:00'),
(519, 19, 'Z04', 'A04', '2024-02-14', '16:00:00'),
(520, 20, 'Z04', 'A04', '2024-02-14', '19:00:00'),
(521, 21, 'Z04', 'A04', '2024-02-14', '22:00:00'),
(522, 22, 'Z04', 'A05', '2024-02-14', '16:00:00'),
(523, 23, 'Z04', 'A05', '2024-02-14', '19:00:00'),
(524, 24, 'Z04', 'A05', '2024-02-14', '22:00:00'),
(525, 25, 'Z05', 'A01', '2024-02-14', '16:00:00'),
(526, 26, 'Z05', 'A01', '2024-02-14', '19:00:00'),
(527, 27, 'Z05', 'A01', '2024-02-14', '22:00:00'),
(528, 28, 'Z05', 'A02', '2024-02-14', '16:00:00'),
(529, 29, 'Z05', 'A02', '2024-02-14', '19:00:00'),
(530, 30, 'Z05', 'A02', '2024-02-14', '22:00:00'),
(531, 31, 'Z05', 'A03', '2024-02-14', '16:00:00'),
(532, 32, 'Z05', 'A03', '2024-02-14', '19:00:00'),
(533, 33, 'Z05', 'A03', '2024-02-14', '22:00:00'),
(534, 34, 'Z05', 'A04', '2024-02-14', '16:00:00'),
(535, 35, 'Z05', 'A04', '2024-02-14', '19:00:00'),
(536, 36, 'Z05', 'A04', '2024-02-14', '22:00:00'),
(537, 1, 'Z05', 'A05', '2024-02-14', '16:00:00'),
(538, 2, 'Z05', 'A05', '2024-02-14', '19:00:00'),
(539, 3, 'Z05', 'A05', '2024-02-14', '22:00:00'),
(540, 1, 'Z01', 'A01', '2024-02-15', '16:00:00'),
(541, 2, 'Z01', 'A01', '2024-02-15', '19:00:00'),
(542, 3, 'Z01', 'A01', '2024-02-15', '22:00:00'),
(543, 4, 'Z01', 'A02', '2024-02-15', '16:00:00'),
(544, 5, 'Z01', 'A02', '2024-02-15', '19:00:00'),
(545, 6, 'Z01', 'A02', '2024-02-15', '22:00:00'),
(546, 7, 'Z01', 'A03', '2024-02-15', '16:00:00'),
(547, 8, 'Z01', 'A03', '2024-02-15', '19:00:00'),
(548, 9, 'Z01', 'A03', '2024-02-15', '22:00:00'),
(549, 10, 'Z01', 'A04', '2024-02-15', '16:00:00'),
(550, 11, 'Z01', 'A04', '2024-02-15', '19:00:00'),
(551, 12, 'Z01', 'A04', '2024-02-15', '22:00:00'),
(552, 13, 'Z01', 'A05', '2024-02-15', '16:00:00'),
(553, 14, 'Z01', 'A05', '2024-02-15', '19:00:00'),
(554, 15, 'Z01', 'A05', '2024-02-15', '22:00:00'),
(555, 16, 'Z02', 'A01', '2024-02-15', '16:00:00'),
(556, 17, 'Z02', 'A01', '2024-02-15', '19:00:00'),
(557, 18, 'Z02', 'A01', '2024-02-15', '22:00:00'),
(558, 19, 'Z02', 'A02', '2024-02-15', '16:00:00'),
(559, 20, 'Z02', 'A02', '2024-02-15', '19:00:00'),
(560, 21, 'Z02', 'A02', '2024-02-15', '22:00:00'),
(561, 22, 'Z02', 'A03', '2024-02-15', '16:00:00'),
(562, 23, 'Z02', 'A03', '2024-02-15', '19:00:00'),
(563, 24, 'Z02', 'A03', '2024-02-15', '22:00:00'),
(564, 25, 'Z02', 'A04', '2024-02-15', '16:00:00'),
(565, 26, 'Z02', 'A04', '2024-02-15', '19:00:00'),
(566, 27, 'Z02', 'A04', '2024-02-15', '22:00:00'),
(567, 28, 'Z02', 'A05', '2024-02-15', '16:00:00'),
(568, 29, 'Z02', 'A05', '2024-02-15', '19:00:00'),
(569, 30, 'Z02', 'A05', '2024-02-15', '22:00:00'),
(570, 31, 'Z03', 'A01', '2024-02-15', '16:00:00'),
(571, 32, 'Z03', 'A01', '2024-02-15', '19:00:00'),
(572, 33, 'Z03', 'A01', '2024-02-15', '22:00:00'),
(573, 34, 'Z03', 'A02', '2024-02-15', '16:00:00'),
(574, 35, 'Z03', 'A02', '2024-02-15', '19:00:00'),
(575, 36, 'Z03', 'A02', '2024-02-15', '22:00:00'),
(576, 1, 'Z03', 'A03', '2024-02-15', '16:00:00'),
(577, 2, 'Z03', 'A03', '2024-02-15', '19:00:00'),
(578, 3, 'Z03', 'A03', '2024-02-15', '22:00:00'),
(579, 4, 'Z03', 'A04', '2024-02-15', '16:00:00'),
(580, 5, 'Z03', 'A04', '2024-02-15', '19:00:00'),
(581, 6, 'Z03', 'A04', '2024-02-15', '22:00:00'),
(582, 7, 'Z03', 'A05', '2024-02-15', '16:00:00'),
(583, 8, 'Z03', 'A05', '2024-02-15', '19:00:00'),
(584, 9, 'Z03', 'A05', '2024-02-15', '22:00:00'),
(585, 10, 'Z04', 'A01', '2024-02-15', '16:00:00'),
(586, 11, 'Z04', 'A01', '2024-02-15', '19:00:00'),
(587, 12, 'Z04', 'A01', '2024-02-15', '22:00:00'),
(588, 13, 'Z04', 'A02', '2024-02-15', '16:00:00'),
(589, 14, 'Z04', 'A02', '2024-02-15', '19:00:00'),
(590, 15, 'Z04', 'A02', '2024-02-15', '22:00:00'),
(591, 16, 'Z04', 'A03', '2024-02-15', '16:00:00'),
(592, 17, 'Z04', 'A03', '2024-02-15', '19:00:00'),
(593, 18, 'Z04', 'A03', '2024-02-15', '22:00:00'),
(594, 19, 'Z04', 'A04', '2024-02-15', '16:00:00'),
(595, 20, 'Z04', 'A04', '2024-02-15', '19:00:00'),
(596, 21, 'Z04', 'A04', '2024-02-15', '22:00:00'),
(597, 22, 'Z04', 'A05', '2024-02-15', '16:00:00'),
(598, 23, 'Z04', 'A05', '2024-02-15', '19:00:00'),
(599, 24, 'Z04', 'A05', '2024-02-15', '22:00:00'),
(600, 25, 'Z05', 'A01', '2024-02-15', '16:00:00'),
(601, 26, 'Z05', 'A01', '2024-02-15', '19:00:00'),
(602, 27, 'Z05', 'A01', '2024-02-15', '22:00:00'),
(603, 28, 'Z05', 'A02', '2024-02-15', '16:00:00'),
(604, 29, 'Z05', 'A02', '2024-02-15', '19:00:00'),
(605, 30, 'Z05', 'A02', '2024-02-15', '22:00:00'),
(606, 31, 'Z05', 'A03', '2024-02-15', '16:00:00'),
(607, 32, 'Z05', 'A03', '2024-02-15', '19:00:00'),
(608, 33, 'Z05', 'A03', '2024-02-15', '22:00:00'),
(609, 34, 'Z05', 'A04', '2024-02-15', '16:00:00'),
(610, 35, 'Z05', 'A04', '2024-02-15', '19:00:00'),
(611, 36, 'Z05', 'A04', '2024-02-15', '22:00:00'),
(612, 1, 'Z05', 'A05', '2024-02-15', '16:00:00'),
(613, 2, 'Z05', 'A05', '2024-02-15', '19:00:00'),
(614, 3, 'Z05', 'A05', '2024-02-15', '22:00:00'),
(615, 1, 'Z01', 'A01', '2024-02-16', '16:00:00'),
(616, 2, 'Z01', 'A01', '2024-02-16', '19:00:00'),
(617, 3, 'Z01', 'A01', '2024-02-16', '22:00:00'),
(618, 4, 'Z01', 'A02', '2024-02-16', '16:00:00'),
(619, 5, 'Z01', 'A02', '2024-02-16', '19:00:00'),
(620, 6, 'Z01', 'A02', '2024-02-16', '22:00:00'),
(621, 7, 'Z01', 'A03', '2024-02-16', '16:00:00'),
(622, 8, 'Z01', 'A03', '2024-02-16', '19:00:00'),
(623, 9, 'Z01', 'A03', '2024-02-16', '22:00:00'),
(624, 10, 'Z01', 'A04', '2024-02-16', '16:00:00'),
(625, 11, 'Z01', 'A04', '2024-02-16', '19:00:00'),
(626, 12, 'Z01', 'A04', '2024-02-16', '22:00:00'),
(627, 13, 'Z01', 'A05', '2024-02-16', '16:00:00'),
(628, 14, 'Z01', 'A05', '2024-02-16', '19:00:00'),
(629, 15, 'Z01', 'A05', '2024-02-16', '22:00:00'),
(630, 16, 'Z02', 'A01', '2024-02-16', '16:00:00'),
(631, 17, 'Z02', 'A01', '2024-02-16', '19:00:00'),
(632, 18, 'Z02', 'A01', '2024-02-16', '22:00:00'),
(633, 19, 'Z02', 'A02', '2024-02-16', '16:00:00'),
(634, 20, 'Z02', 'A02', '2024-02-16', '19:00:00'),
(635, 21, 'Z02', 'A02', '2024-02-16', '22:00:00'),
(636, 22, 'Z02', 'A03', '2024-02-16', '16:00:00'),
(637, 23, 'Z02', 'A03', '2024-02-16', '19:00:00'),
(638, 24, 'Z02', 'A03', '2024-02-16', '22:00:00'),
(639, 25, 'Z02', 'A04', '2024-02-16', '16:00:00'),
(640, 26, 'Z02', 'A04', '2024-02-16', '19:00:00'),
(641, 27, 'Z02', 'A04', '2024-02-16', '22:00:00'),
(642, 28, 'Z02', 'A05', '2024-02-16', '16:00:00'),
(643, 29, 'Z02', 'A05', '2024-02-16', '19:00:00'),
(644, 30, 'Z02', 'A05', '2024-02-16', '22:00:00'),
(645, 31, 'Z03', 'A01', '2024-02-16', '16:00:00'),
(646, 32, 'Z03', 'A01', '2024-02-16', '19:00:00'),
(647, 33, 'Z03', 'A01', '2024-02-16', '22:00:00'),
(648, 34, 'Z03', 'A02', '2024-02-16', '16:00:00'),
(649, 35, 'Z03', 'A02', '2024-02-16', '19:00:00'),
(650, 36, 'Z03', 'A02', '2024-02-16', '22:00:00'),
(651, 1, 'Z03', 'A03', '2024-02-16', '16:00:00'),
(652, 2, 'Z03', 'A03', '2024-02-16', '19:00:00'),
(653, 3, 'Z03', 'A03', '2024-02-16', '22:00:00'),
(654, 4, 'Z03', 'A04', '2024-02-16', '16:00:00'),
(655, 5, 'Z03', 'A04', '2024-02-16', '19:00:00'),
(656, 6, 'Z03', 'A04', '2024-02-16', '22:00:00'),
(657, 7, 'Z03', 'A05', '2024-02-16', '16:00:00'),
(658, 8, 'Z03', 'A05', '2024-02-16', '19:00:00'),
(659, 9, 'Z03', 'A05', '2024-02-16', '22:00:00'),
(660, 10, 'Z04', 'A01', '2024-02-16', '16:00:00'),
(661, 11, 'Z04', 'A01', '2024-02-16', '19:00:00'),
(662, 12, 'Z04', 'A01', '2024-02-16', '22:00:00'),
(663, 13, 'Z04', 'A02', '2024-02-16', '16:00:00'),
(664, 14, 'Z04', 'A02', '2024-02-16', '19:00:00'),
(665, 15, 'Z04', 'A02', '2024-02-16', '22:00:00'),
(666, 16, 'Z04', 'A03', '2024-02-16', '16:00:00'),
(667, 17, 'Z04', 'A03', '2024-02-16', '19:00:00'),
(668, 18, 'Z04', 'A03', '2024-02-16', '22:00:00'),
(669, 19, 'Z04', 'A04', '2024-02-16', '16:00:00'),
(670, 20, 'Z04', 'A04', '2024-02-16', '19:00:00'),
(671, 21, 'Z04', 'A04', '2024-02-16', '22:00:00'),
(672, 22, 'Z04', 'A05', '2024-02-16', '16:00:00'),
(673, 23, 'Z04', 'A05', '2024-02-16', '19:00:00'),
(674, 24, 'Z04', 'A05', '2024-02-16', '22:00:00'),
(675, 25, 'Z05', 'A01', '2024-02-16', '16:00:00'),
(676, 26, 'Z05', 'A01', '2024-02-16', '19:00:00'),
(677, 27, 'Z05', 'A01', '2024-02-16', '22:00:00'),
(678, 28, 'Z05', 'A02', '2024-02-16', '16:00:00'),
(679, 29, 'Z05', 'A02', '2024-02-16', '19:00:00'),
(680, 30, 'Z05', 'A02', '2024-02-16', '22:00:00'),
(681, 31, 'Z05', 'A03', '2024-02-16', '16:00:00'),
(682, 32, 'Z05', 'A03', '2024-02-16', '19:00:00'),
(683, 33, 'Z05', 'A03', '2024-02-16', '22:00:00'),
(684, 34, 'Z05', 'A04', '2024-02-16', '16:00:00'),
(685, 35, 'Z05', 'A04', '2024-02-16', '19:00:00'),
(686, 36, 'Z05', 'A04', '2024-02-16', '22:00:00'),
(687, 1, 'Z05', 'A05', '2024-02-16', '16:00:00'),
(688, 2, 'Z05', 'A05', '2024-02-16', '19:00:00'),
(689, 3, 'Z05', 'A05', '2024-02-16', '22:00:00'),
(690, 1, 'Z01', 'A01', '2024-02-17', '16:00:00'),
(691, 2, 'Z01', 'A01', '2024-02-17', '19:00:00'),
(692, 3, 'Z01', 'A01', '2024-02-17', '22:00:00'),
(693, 4, 'Z01', 'A02', '2024-02-17', '16:00:00'),
(694, 5, 'Z01', 'A02', '2024-02-17', '19:00:00'),
(695, 6, 'Z01', 'A02', '2024-02-17', '22:00:00'),
(696, 7, 'Z01', 'A03', '2024-02-17', '16:00:00'),
(697, 8, 'Z01', 'A03', '2024-02-17', '19:00:00'),
(698, 9, 'Z01', 'A03', '2024-02-17', '22:00:00'),
(699, 10, 'Z01', 'A04', '2024-02-17', '16:00:00'),
(700, 11, 'Z01', 'A04', '2024-02-17', '19:00:00'),
(701, 12, 'Z01', 'A04', '2024-02-17', '22:00:00'),
(702, 13, 'Z01', 'A05', '2024-02-17', '16:00:00'),
(703, 14, 'Z01', 'A05', '2024-02-17', '19:00:00'),
(704, 15, 'Z01', 'A05', '2024-02-17', '22:00:00'),
(705, 16, 'Z02', 'A01', '2024-02-17', '16:00:00'),
(706, 17, 'Z02', 'A01', '2024-02-17', '19:00:00'),
(707, 18, 'Z02', 'A01', '2024-02-17', '22:00:00'),
(708, 19, 'Z02', 'A02', '2024-02-17', '16:00:00'),
(709, 20, 'Z02', 'A02', '2024-02-17', '19:00:00'),
(710, 21, 'Z02', 'A02', '2024-02-17', '22:00:00'),
(711, 22, 'Z02', 'A03', '2024-02-17', '16:00:00'),
(712, 23, 'Z02', 'A03', '2024-02-17', '19:00:00'),
(713, 24, 'Z02', 'A03', '2024-02-17', '22:00:00'),
(714, 25, 'Z02', 'A04', '2024-02-17', '16:00:00'),
(715, 26, 'Z02', 'A04', '2024-02-17', '19:00:00'),
(716, 27, 'Z02', 'A04', '2024-02-17', '22:00:00'),
(717, 28, 'Z02', 'A05', '2024-02-17', '16:00:00'),
(718, 29, 'Z02', 'A05', '2024-02-17', '19:00:00'),
(719, 30, 'Z02', 'A05', '2024-02-17', '22:00:00'),
(720, 31, 'Z03', 'A01', '2024-02-17', '16:00:00'),
(721, 32, 'Z03', 'A01', '2024-02-17', '19:00:00'),
(722, 33, 'Z03', 'A01', '2024-02-17', '22:00:00'),
(723, 34, 'Z03', 'A02', '2024-02-17', '16:00:00'),
(724, 35, 'Z03', 'A02', '2024-02-17', '19:00:00'),
(725, 36, 'Z03', 'A02', '2024-02-17', '22:00:00'),
(726, 1, 'Z03', 'A03', '2024-02-17', '16:00:00'),
(727, 2, 'Z03', 'A03', '2024-02-17', '19:00:00'),
(728, 3, 'Z03', 'A03', '2024-02-17', '22:00:00'),
(729, 4, 'Z03', 'A04', '2024-02-17', '16:00:00'),
(730, 5, 'Z03', 'A04', '2024-02-17', '19:00:00'),
(731, 6, 'Z03', 'A04', '2024-02-17', '22:00:00'),
(732, 7, 'Z03', 'A05', '2024-02-17', '16:00:00'),
(733, 8, 'Z03', 'A05', '2024-02-17', '19:00:00'),
(734, 9, 'Z03', 'A05', '2024-02-17', '22:00:00'),
(735, 10, 'Z04', 'A01', '2024-02-17', '16:00:00'),
(736, 11, 'Z04', 'A01', '2024-02-17', '19:00:00'),
(737, 12, 'Z04', 'A01', '2024-02-17', '22:00:00'),
(738, 13, 'Z04', 'A02', '2024-02-17', '16:00:00'),
(739, 14, 'Z04', 'A02', '2024-02-17', '19:00:00'),
(740, 15, 'Z04', 'A02', '2024-02-17', '22:00:00'),
(741, 16, 'Z04', 'A03', '2024-02-17', '16:00:00'),
(742, 17, 'Z04', 'A03', '2024-02-17', '19:00:00'),
(743, 18, 'Z04', 'A03', '2024-02-17', '22:00:00'),
(744, 19, 'Z04', 'A04', '2024-02-17', '16:00:00'),
(745, 20, 'Z04', 'A04', '2024-02-17', '19:00:00'),
(746, 21, 'Z04', 'A04', '2024-02-17', '22:00:00'),
(747, 22, 'Z04', 'A05', '2024-02-17', '16:00:00'),
(748, 23, 'Z04', 'A05', '2024-02-17', '19:00:00'),
(749, 24, 'Z04', 'A05', '2024-02-17', '22:00:00'),
(750, 25, 'Z05', 'A01', '2024-02-17', '16:00:00'),
(751, 26, 'Z05', 'A01', '2024-02-17', '19:00:00'),
(752, 27, 'Z05', 'A01', '2024-02-17', '22:00:00'),
(753, 28, 'Z05', 'A02', '2024-02-17', '16:00:00'),
(754, 29, 'Z05', 'A02', '2024-02-17', '19:00:00'),
(755, 30, 'Z05', 'A02', '2024-02-17', '22:00:00'),
(756, 31, 'Z05', 'A03', '2024-02-17', '16:00:00'),
(757, 32, 'Z05', 'A03', '2024-02-17', '19:00:00'),
(758, 33, 'Z05', 'A03', '2024-02-17', '22:00:00'),
(759, 34, 'Z05', 'A04', '2024-02-17', '16:00:00'),
(760, 35, 'Z05', 'A04', '2024-02-17', '19:00:00'),
(761, 36, 'Z05', 'A04', '2024-02-17', '22:00:00'),
(762, 1, 'Z05', 'A05', '2024-02-17', '16:00:00'),
(763, 2, 'Z05', 'A05', '2024-02-17', '19:00:00'),
(764, 3, 'Z05', 'A05', '2024-02-17', '22:00:00'),
(765, 1, 'Z01', 'A01', '2024-02-18', '16:00:00'),
(766, 2, 'Z01', 'A01', '2024-02-18', '19:00:00'),
(767, 3, 'Z01', 'A01', '2024-02-18', '22:00:00'),
(768, 4, 'Z01', 'A02', '2024-02-18', '16:00:00'),
(769, 5, 'Z01', 'A02', '2024-02-18', '19:00:00'),
(770, 6, 'Z01', 'A02', '2024-02-18', '22:00:00'),
(771, 7, 'Z01', 'A03', '2024-02-18', '16:00:00'),
(772, 8, 'Z01', 'A03', '2024-02-18', '19:00:00'),
(773, 9, 'Z01', 'A03', '2024-02-18', '22:00:00'),
(774, 10, 'Z01', 'A04', '2024-02-18', '16:00:00'),
(775, 11, 'Z01', 'A04', '2024-02-18', '19:00:00'),
(776, 12, 'Z01', 'A04', '2024-02-18', '22:00:00'),
(777, 13, 'Z01', 'A05', '2024-02-18', '16:00:00'),
(778, 14, 'Z01', 'A05', '2024-02-18', '19:00:00'),
(779, 15, 'Z01', 'A05', '2024-02-18', '22:00:00'),
(780, 16, 'Z02', 'A01', '2024-02-18', '16:00:00'),
(781, 17, 'Z02', 'A01', '2024-02-18', '19:00:00'),
(782, 18, 'Z02', 'A01', '2024-02-18', '22:00:00'),
(783, 19, 'Z02', 'A02', '2024-02-18', '16:00:00'),
(784, 20, 'Z02', 'A02', '2024-02-18', '19:00:00'),
(785, 21, 'Z02', 'A02', '2024-02-18', '22:00:00'),
(786, 22, 'Z02', 'A03', '2024-02-18', '16:00:00'),
(787, 23, 'Z02', 'A03', '2024-02-18', '19:00:00'),
(788, 24, 'Z02', 'A03', '2024-02-18', '22:00:00'),
(789, 25, 'Z02', 'A04', '2024-02-18', '16:00:00'),
(790, 26, 'Z02', 'A04', '2024-02-18', '19:00:00'),
(791, 27, 'Z02', 'A04', '2024-02-18', '22:00:00'),
(792, 28, 'Z02', 'A05', '2024-02-18', '16:00:00'),
(793, 29, 'Z02', 'A05', '2024-02-18', '19:00:00'),
(794, 30, 'Z02', 'A05', '2024-02-18', '22:00:00'),
(795, 31, 'Z03', 'A01', '2024-02-18', '16:00:00'),
(796, 32, 'Z03', 'A01', '2024-02-18', '19:00:00'),
(797, 33, 'Z03', 'A01', '2024-02-18', '22:00:00'),
(798, 34, 'Z03', 'A02', '2024-02-18', '16:00:00'),
(799, 35, 'Z03', 'A02', '2024-02-18', '19:00:00'),
(800, 36, 'Z03', 'A02', '2024-02-18', '22:00:00'),
(801, 1, 'Z03', 'A03', '2024-02-18', '16:00:00'),
(802, 2, 'Z03', 'A03', '2024-02-18', '19:00:00'),
(803, 3, 'Z03', 'A03', '2024-02-18', '22:00:00'),
(804, 4, 'Z03', 'A04', '2024-02-18', '16:00:00'),
(805, 5, 'Z03', 'A04', '2024-02-18', '19:00:00'),
(806, 6, 'Z03', 'A04', '2024-02-18', '22:00:00'),
(807, 7, 'Z03', 'A05', '2024-02-18', '16:00:00'),
(808, 8, 'Z03', 'A05', '2024-02-18', '19:00:00'),
(809, 9, 'Z03', 'A05', '2024-02-18', '22:00:00'),
(810, 10, 'Z04', 'A01', '2024-02-18', '16:00:00'),
(811, 11, 'Z04', 'A01', '2024-02-18', '19:00:00'),
(812, 12, 'Z04', 'A01', '2024-02-18', '22:00:00'),
(813, 13, 'Z04', 'A02', '2024-02-18', '16:00:00'),
(814, 14, 'Z04', 'A02', '2024-02-18', '19:00:00'),
(815, 15, 'Z04', 'A02', '2024-02-18', '22:00:00'),
(816, 16, 'Z04', 'A03', '2024-02-18', '16:00:00'),
(817, 17, 'Z04', 'A03', '2024-02-18', '19:00:00'),
(818, 18, 'Z04', 'A03', '2024-02-18', '22:00:00'),
(819, 19, 'Z04', 'A04', '2024-02-18', '16:00:00'),
(820, 20, 'Z04', 'A04', '2024-02-18', '19:00:00'),
(821, 21, 'Z04', 'A04', '2024-02-18', '22:00:00'),
(822, 22, 'Z04', 'A05', '2024-02-18', '16:00:00'),
(823, 23, 'Z04', 'A05', '2024-02-18', '19:00:00'),
(824, 24, 'Z04', 'A05', '2024-02-18', '22:00:00'),
(825, 25, 'Z05', 'A01', '2024-02-18', '16:00:00'),
(826, 26, 'Z05', 'A01', '2024-02-18', '19:00:00'),
(827, 27, 'Z05', 'A01', '2024-02-18', '22:00:00'),
(828, 28, 'Z05', 'A02', '2024-02-18', '16:00:00'),
(829, 29, 'Z05', 'A02', '2024-02-18', '19:00:00'),
(830, 30, 'Z05', 'A02', '2024-02-18', '22:00:00'),
(831, 31, 'Z05', 'A03', '2024-02-18', '16:00:00'),
(832, 32, 'Z05', 'A03', '2024-02-18', '19:00:00'),
(833, 33, 'Z05', 'A03', '2024-02-18', '22:00:00'),
(834, 34, 'Z05', 'A04', '2024-02-18', '16:00:00'),
(835, 35, 'Z05', 'A04', '2024-02-18', '19:00:00'),
(836, 36, 'Z05', 'A04', '2024-02-18', '22:00:00'),
(837, 1, 'Z05', 'A05', '2024-02-18', '16:00:00'),
(838, 2, 'Z05', 'A05', '2024-02-18', '19:00:00'),
(839, 3, 'Z05', 'A05', '2024-02-18', '22:00:00'),
(840, 1, 'Z01', 'A01', '2024-02-19', '16:00:00'),
(841, 2, 'Z01', 'A01', '2024-02-19', '19:00:00'),
(842, 3, 'Z01', 'A01', '2024-02-19', '22:00:00'),
(843, 4, 'Z01', 'A02', '2024-02-19', '16:00:00'),
(844, 5, 'Z01', 'A02', '2024-02-19', '19:00:00'),
(845, 6, 'Z01', 'A02', '2024-02-19', '22:00:00'),
(846, 7, 'Z01', 'A03', '2024-02-19', '16:00:00'),
(847, 8, 'Z01', 'A03', '2024-02-19', '19:00:00'),
(848, 9, 'Z01', 'A03', '2024-02-19', '22:00:00'),
(849, 10, 'Z01', 'A04', '2024-02-19', '16:00:00'),
(850, 11, 'Z01', 'A04', '2024-02-19', '19:00:00'),
(851, 12, 'Z01', 'A04', '2024-02-19', '22:00:00'),
(852, 13, 'Z01', 'A05', '2024-02-19', '16:00:00'),
(853, 14, 'Z01', 'A05', '2024-02-19', '19:00:00'),
(854, 15, 'Z01', 'A05', '2024-02-19', '22:00:00'),
(855, 16, 'Z02', 'A01', '2024-02-19', '16:00:00'),
(856, 17, 'Z02', 'A01', '2024-02-19', '19:00:00'),
(857, 18, 'Z02', 'A01', '2024-02-19', '22:00:00'),
(858, 19, 'Z02', 'A02', '2024-02-19', '16:00:00'),
(859, 20, 'Z02', 'A02', '2024-02-19', '19:00:00'),
(860, 21, 'Z02', 'A02', '2024-02-19', '22:00:00'),
(861, 22, 'Z02', 'A03', '2024-02-19', '16:00:00'),
(862, 23, 'Z02', 'A03', '2024-02-19', '19:00:00'),
(863, 24, 'Z02', 'A03', '2024-02-19', '22:00:00'),
(864, 25, 'Z02', 'A04', '2024-02-19', '16:00:00'),
(865, 26, 'Z02', 'A04', '2024-02-19', '19:00:00'),
(866, 27, 'Z02', 'A04', '2024-02-19', '22:00:00'),
(867, 28, 'Z02', 'A05', '2024-02-19', '16:00:00'),
(868, 29, 'Z02', 'A05', '2024-02-19', '19:00:00'),
(869, 30, 'Z02', 'A05', '2024-02-19', '22:00:00'),
(870, 31, 'Z03', 'A01', '2024-02-19', '16:00:00'),
(871, 32, 'Z03', 'A01', '2024-02-19', '19:00:00'),
(872, 33, 'Z03', 'A01', '2024-02-19', '22:00:00'),
(873, 34, 'Z03', 'A02', '2024-02-19', '16:00:00'),
(874, 35, 'Z03', 'A02', '2024-02-19', '19:00:00'),
(875, 36, 'Z03', 'A02', '2024-02-19', '22:00:00'),
(876, 1, 'Z03', 'A03', '2024-02-19', '16:00:00'),
(877, 2, 'Z03', 'A03', '2024-02-19', '19:00:00'),
(878, 3, 'Z03', 'A03', '2024-02-19', '22:00:00'),
(879, 4, 'Z03', 'A04', '2024-02-19', '16:00:00'),
(880, 5, 'Z03', 'A04', '2024-02-19', '19:00:00'),
(881, 6, 'Z03', 'A04', '2024-02-19', '22:00:00'),
(882, 7, 'Z03', 'A05', '2024-02-19', '16:00:00'),
(883, 8, 'Z03', 'A05', '2024-02-19', '19:00:00'),
(884, 9, 'Z03', 'A05', '2024-02-19', '22:00:00'),
(885, 10, 'Z04', 'A01', '2024-02-19', '16:00:00'),
(886, 11, 'Z04', 'A01', '2024-02-19', '19:00:00'),
(887, 12, 'Z04', 'A01', '2024-02-19', '22:00:00'),
(888, 13, 'Z04', 'A02', '2024-02-19', '16:00:00'),
(889, 14, 'Z04', 'A02', '2024-02-19', '19:00:00'),
(890, 15, 'Z04', 'A02', '2024-02-19', '22:00:00'),
(891, 16, 'Z04', 'A03', '2024-02-19', '16:00:00'),
(892, 17, 'Z04', 'A03', '2024-02-19', '19:00:00'),
(893, 18, 'Z04', 'A03', '2024-02-19', '22:00:00'),
(894, 19, 'Z04', 'A04', '2024-02-19', '16:00:00'),
(895, 20, 'Z04', 'A04', '2024-02-19', '19:00:00'),
(896, 21, 'Z04', 'A04', '2024-02-19', '22:00:00'),
(897, 22, 'Z04', 'A05', '2024-02-19', '16:00:00'),
(898, 23, 'Z04', 'A05', '2024-02-19', '19:00:00'),
(899, 24, 'Z04', 'A05', '2024-02-19', '22:00:00'),
(900, 25, 'Z05', 'A01', '2024-02-19', '16:00:00'),
(901, 26, 'Z05', 'A01', '2024-02-19', '19:00:00'),
(902, 27, 'Z05', 'A01', '2024-02-19', '22:00:00'),
(903, 28, 'Z05', 'A02', '2024-02-19', '16:00:00'),
(904, 29, 'Z05', 'A02', '2024-02-19', '19:00:00'),
(905, 30, 'Z05', 'A02', '2024-02-19', '22:00:00'),
(906, 31, 'Z05', 'A03', '2024-02-19', '16:00:00'),
(907, 32, 'Z05', 'A03', '2024-02-19', '19:00:00'),
(908, 33, 'Z05', 'A03', '2024-02-19', '22:00:00'),
(909, 34, 'Z05', 'A04', '2024-02-19', '16:00:00'),
(910, 35, 'Z05', 'A04', '2024-02-19', '19:00:00'),
(911, 36, 'Z05', 'A04', '2024-02-19', '22:00:00'),
(912, 1, 'Z05', 'A05', '2024-02-19', '16:00:00'),
(913, 2, 'Z05', 'A05', '2024-02-19', '19:00:00'),
(914, 3, 'Z05', 'A05', '2024-02-19', '22:00:00'),
(915, 1, 'Z01', 'A01', '2024-02-20', '16:00:00'),
(916, 2, 'Z01', 'A01', '2024-02-20', '19:00:00'),
(917, 3, 'Z01', 'A01', '2024-02-20', '22:00:00'),
(918, 4, 'Z01', 'A02', '2024-02-20', '16:00:00'),
(919, 5, 'Z01', 'A02', '2024-02-20', '19:00:00'),
(920, 6, 'Z01', 'A02', '2024-02-20', '22:00:00'),
(921, 7, 'Z01', 'A03', '2024-02-20', '16:00:00'),
(922, 8, 'Z01', 'A03', '2024-02-20', '19:00:00'),
(923, 9, 'Z01', 'A03', '2024-02-20', '22:00:00'),
(924, 10, 'Z01', 'A04', '2024-02-20', '16:00:00'),
(925, 11, 'Z01', 'A04', '2024-02-20', '19:00:00'),
(926, 12, 'Z01', 'A04', '2024-02-20', '22:00:00'),
(927, 13, 'Z01', 'A05', '2024-02-20', '16:00:00'),
(928, 14, 'Z01', 'A05', '2024-02-20', '19:00:00'),
(929, 15, 'Z01', 'A05', '2024-02-20', '22:00:00'),
(930, 16, 'Z02', 'A01', '2024-02-20', '16:00:00'),
(931, 17, 'Z02', 'A01', '2024-02-20', '19:00:00'),
(932, 18, 'Z02', 'A01', '2024-02-20', '22:00:00'),
(933, 19, 'Z02', 'A02', '2024-02-20', '16:00:00'),
(934, 20, 'Z02', 'A02', '2024-02-20', '19:00:00'),
(935, 21, 'Z02', 'A02', '2024-02-20', '22:00:00'),
(936, 22, 'Z02', 'A03', '2024-02-20', '16:00:00'),
(937, 23, 'Z02', 'A03', '2024-02-20', '19:00:00'),
(938, 24, 'Z02', 'A03', '2024-02-20', '22:00:00'),
(939, 25, 'Z02', 'A04', '2024-02-20', '16:00:00'),
(940, 26, 'Z02', 'A04', '2024-02-20', '19:00:00'),
(941, 27, 'Z02', 'A04', '2024-02-20', '22:00:00'),
(942, 28, 'Z02', 'A05', '2024-02-20', '16:00:00'),
(943, 29, 'Z02', 'A05', '2024-02-20', '19:00:00'),
(944, 30, 'Z02', 'A05', '2024-02-20', '22:00:00'),
(945, 31, 'Z03', 'A01', '2024-02-20', '16:00:00'),
(946, 32, 'Z03', 'A01', '2024-02-20', '19:00:00'),
(947, 33, 'Z03', 'A01', '2024-02-20', '22:00:00'),
(948, 34, 'Z03', 'A02', '2024-02-20', '16:00:00'),
(949, 35, 'Z03', 'A02', '2024-02-20', '19:00:00'),
(950, 36, 'Z03', 'A02', '2024-02-20', '22:00:00'),
(951, 1, 'Z03', 'A03', '2024-02-20', '16:00:00'),
(952, 2, 'Z03', 'A03', '2024-02-20', '19:00:00'),
(953, 3, 'Z03', 'A03', '2024-02-20', '22:00:00'),
(954, 4, 'Z03', 'A04', '2024-02-20', '16:00:00'),
(955, 5, 'Z03', 'A04', '2024-02-20', '19:00:00'),
(956, 6, 'Z03', 'A04', '2024-02-20', '22:00:00'),
(957, 7, 'Z03', 'A05', '2024-02-20', '16:00:00'),
(958, 8, 'Z03', 'A05', '2024-02-20', '19:00:00'),
(959, 9, 'Z03', 'A05', '2024-02-20', '22:00:00'),
(960, 10, 'Z04', 'A01', '2024-02-20', '16:00:00'),
(961, 11, 'Z04', 'A01', '2024-02-20', '19:00:00'),
(962, 12, 'Z04', 'A01', '2024-02-20', '22:00:00'),
(963, 13, 'Z04', 'A02', '2024-02-20', '16:00:00'),
(964, 14, 'Z04', 'A02', '2024-02-20', '19:00:00'),
(965, 15, 'Z04', 'A02', '2024-02-20', '22:00:00'),
(966, 16, 'Z04', 'A03', '2024-02-20', '16:00:00'),
(967, 17, 'Z04', 'A03', '2024-02-20', '19:00:00'),
(968, 18, 'Z04', 'A03', '2024-02-20', '22:00:00'),
(969, 19, 'Z04', 'A04', '2024-02-20', '16:00:00'),
(970, 20, 'Z04', 'A04', '2024-02-20', '19:00:00'),
(971, 21, 'Z04', 'A04', '2024-02-20', '22:00:00'),
(972, 22, 'Z04', 'A05', '2024-02-20', '16:00:00'),
(973, 23, 'Z04', 'A05', '2024-02-20', '19:00:00'),
(974, 24, 'Z04', 'A05', '2024-02-20', '22:00:00'),
(975, 25, 'Z05', 'A01', '2024-02-20', '16:00:00'),
(976, 26, 'Z05', 'A01', '2024-02-20', '19:00:00'),
(977, 27, 'Z05', 'A01', '2024-02-20', '22:00:00'),
(978, 28, 'Z05', 'A02', '2024-02-20', '16:00:00'),
(979, 29, 'Z05', 'A02', '2024-02-20', '19:00:00'),
(980, 30, 'Z05', 'A02', '2024-02-20', '22:00:00'),
(981, 31, 'Z05', 'A03', '2024-02-20', '16:00:00'),
(982, 32, 'Z05', 'A03', '2024-02-20', '19:00:00'),
(983, 33, 'Z05', 'A03', '2024-02-20', '22:00:00'),
(984, 34, 'Z05', 'A04', '2024-02-20', '16:00:00'),
(985, 35, 'Z05', 'A04', '2024-02-20', '19:00:00'),
(986, 36, 'Z05', 'A04', '2024-02-20', '22:00:00'),
(987, 1, 'Z05', 'A05', '2024-02-20', '16:00:00'),
(988, 2, 'Z05', 'A05', '2024-02-20', '19:00:00'),
(989, 3, 'Z05', 'A05', '2024-02-20', '22:00:00'),
(990, 1, 'Z01', 'A01', '2024-02-21', '16:00:00'),
(991, 2, 'Z01', 'A01', '2024-02-21', '19:00:00'),
(992, 3, 'Z01', 'A01', '2024-02-21', '22:00:00'),
(993, 4, 'Z01', 'A02', '2024-02-21', '16:00:00'),
(994, 5, 'Z01', 'A02', '2024-02-21', '19:00:00'),
(995, 6, 'Z01', 'A02', '2024-02-21', '22:00:00'),
(996, 7, 'Z01', 'A03', '2024-02-21', '16:00:00'),
(997, 8, 'Z01', 'A03', '2024-02-21', '19:00:00'),
(998, 9, 'Z01', 'A03', '2024-02-21', '22:00:00'),
(999, 10, 'Z01', 'A04', '2024-02-21', '16:00:00'),
(1000, 11, 'Z01', 'A04', '2024-02-21', '19:00:00'),
(1001, 12, 'Z01', 'A04', '2024-02-21', '22:00:00'),
(1002, 13, 'Z01', 'A05', '2024-02-21', '16:00:00'),
(1003, 14, 'Z01', 'A05', '2024-02-21', '19:00:00'),
(1004, 15, 'Z01', 'A05', '2024-02-21', '22:00:00'),
(1005, 16, 'Z02', 'A01', '2024-02-21', '16:00:00'),
(1006, 17, 'Z02', 'A01', '2024-02-21', '19:00:00'),
(1007, 18, 'Z02', 'A01', '2024-02-21', '22:00:00'),
(1008, 19, 'Z02', 'A02', '2024-02-21', '16:00:00'),
(1009, 20, 'Z02', 'A02', '2024-02-21', '19:00:00'),
(1010, 21, 'Z02', 'A02', '2024-02-21', '22:00:00'),
(1011, 22, 'Z02', 'A03', '2024-02-21', '16:00:00'),
(1012, 23, 'Z02', 'A03', '2024-02-21', '19:00:00'),
(1013, 24, 'Z02', 'A03', '2024-02-21', '22:00:00'),
(1014, 25, 'Z02', 'A04', '2024-02-21', '16:00:00'),
(1015, 26, 'Z02', 'A04', '2024-02-21', '19:00:00'),
(1016, 27, 'Z02', 'A04', '2024-02-21', '22:00:00'),
(1017, 28, 'Z02', 'A05', '2024-02-21', '16:00:00'),
(1018, 29, 'Z02', 'A05', '2024-02-21', '19:00:00'),
(1019, 30, 'Z02', 'A05', '2024-02-21', '22:00:00'),
(1020, 31, 'Z03', 'A01', '2024-02-21', '16:00:00'),
(1021, 32, 'Z03', 'A01', '2024-02-21', '19:00:00'),
(1022, 33, 'Z03', 'A01', '2024-02-21', '22:00:00'),
(1023, 34, 'Z03', 'A02', '2024-02-21', '16:00:00'),
(1024, 35, 'Z03', 'A02', '2024-02-21', '19:00:00'),
(1025, 36, 'Z03', 'A02', '2024-02-21', '22:00:00'),
(1026, 1, 'Z03', 'A03', '2024-02-21', '16:00:00');
INSERT INTO `saioa` (`idSaioa`, `idFilma`, `idZinema`, `idAretoa`, `Eguna`, `Ordua`) VALUES
(1027, 2, 'Z03', 'A03', '2024-02-21', '19:00:00'),
(1028, 3, 'Z03', 'A03', '2024-02-21', '22:00:00'),
(1029, 4, 'Z03', 'A04', '2024-02-21', '16:00:00'),
(1030, 5, 'Z03', 'A04', '2024-02-21', '19:00:00'),
(1031, 6, 'Z03', 'A04', '2024-02-21', '22:00:00'),
(1032, 7, 'Z03', 'A05', '2024-02-21', '16:00:00'),
(1033, 8, 'Z03', 'A05', '2024-02-21', '19:00:00'),
(1034, 9, 'Z03', 'A05', '2024-02-21', '22:00:00'),
(1035, 10, 'Z04', 'A01', '2024-02-21', '16:00:00'),
(1036, 11, 'Z04', 'A01', '2024-02-21', '19:00:00'),
(1037, 12, 'Z04', 'A01', '2024-02-21', '22:00:00'),
(1038, 13, 'Z04', 'A02', '2024-02-21', '16:00:00'),
(1039, 14, 'Z04', 'A02', '2024-02-21', '19:00:00'),
(1040, 15, 'Z04', 'A02', '2024-02-21', '22:00:00'),
(1041, 16, 'Z04', 'A03', '2024-02-21', '16:00:00'),
(1042, 17, 'Z04', 'A03', '2024-02-21', '19:00:00'),
(1043, 18, 'Z04', 'A03', '2024-02-21', '22:00:00'),
(1044, 19, 'Z04', 'A04', '2024-02-21', '16:00:00'),
(1045, 20, 'Z04', 'A04', '2024-02-21', '19:00:00'),
(1046, 21, 'Z04', 'A04', '2024-02-21', '22:00:00'),
(1047, 22, 'Z04', 'A05', '2024-02-21', '16:00:00'),
(1048, 23, 'Z04', 'A05', '2024-02-21', '19:00:00'),
(1049, 24, 'Z04', 'A05', '2024-02-21', '22:00:00'),
(1050, 25, 'Z05', 'A01', '2024-02-21', '16:00:00'),
(1051, 26, 'Z05', 'A01', '2024-02-21', '19:00:00'),
(1052, 27, 'Z05', 'A01', '2024-02-21', '22:00:00'),
(1053, 28, 'Z05', 'A02', '2024-02-21', '16:00:00'),
(1054, 29, 'Z05', 'A02', '2024-02-21', '19:00:00'),
(1055, 30, 'Z05', 'A02', '2024-02-21', '22:00:00'),
(1056, 31, 'Z05', 'A03', '2024-02-21', '16:00:00'),
(1057, 32, 'Z05', 'A03', '2024-02-21', '19:00:00'),
(1058, 33, 'Z05', 'A03', '2024-02-21', '22:00:00'),
(1059, 34, 'Z05', 'A04', '2024-02-21', '16:00:00'),
(1060, 35, 'Z05', 'A04', '2024-02-21', '19:00:00'),
(1061, 36, 'Z05', 'A04', '2024-02-21', '22:00:00'),
(1062, 1, 'Z05', 'A05', '2024-02-21', '16:00:00'),
(1063, 2, 'Z05', 'A05', '2024-02-21', '19:00:00'),
(1064, 3, 'Z05', 'A05', '2024-02-21', '22:00:00'),
(1065, 1, 'Z01', 'A01', '2024-02-22', '16:00:00'),
(1066, 2, 'Z01', 'A01', '2024-02-22', '19:00:00'),
(1067, 3, 'Z01', 'A01', '2024-02-22', '22:00:00'),
(1068, 4, 'Z01', 'A02', '2024-02-22', '16:00:00'),
(1069, 5, 'Z01', 'A02', '2024-02-22', '19:00:00'),
(1070, 6, 'Z01', 'A02', '2024-02-22', '22:00:00'),
(1071, 7, 'Z01', 'A03', '2024-02-22', '16:00:00'),
(1072, 8, 'Z01', 'A03', '2024-02-22', '19:00:00'),
(1073, 9, 'Z01', 'A03', '2024-02-22', '22:00:00'),
(1074, 10, 'Z01', 'A04', '2024-02-22', '16:00:00'),
(1075, 11, 'Z01', 'A04', '2024-02-22', '19:00:00'),
(1076, 12, 'Z01', 'A04', '2024-02-22', '22:00:00'),
(1077, 13, 'Z01', 'A05', '2024-02-22', '16:00:00'),
(1078, 14, 'Z01', 'A05', '2024-02-22', '19:00:00'),
(1079, 15, 'Z01', 'A05', '2024-02-22', '22:00:00'),
(1080, 16, 'Z02', 'A01', '2024-02-22', '16:00:00'),
(1081, 17, 'Z02', 'A01', '2024-02-22', '19:00:00'),
(1082, 18, 'Z02', 'A01', '2024-02-22', '22:00:00'),
(1083, 19, 'Z02', 'A02', '2024-02-22', '16:00:00'),
(1084, 20, 'Z02', 'A02', '2024-02-22', '19:00:00'),
(1085, 21, 'Z02', 'A02', '2024-02-22', '22:00:00'),
(1086, 22, 'Z02', 'A03', '2024-02-22', '16:00:00'),
(1087, 23, 'Z02', 'A03', '2024-02-22', '19:00:00'),
(1088, 24, 'Z02', 'A03', '2024-02-22', '22:00:00'),
(1089, 25, 'Z02', 'A04', '2024-02-22', '16:00:00'),
(1090, 26, 'Z02', 'A04', '2024-02-22', '19:00:00'),
(1091, 27, 'Z02', 'A04', '2024-02-22', '22:00:00'),
(1092, 28, 'Z02', 'A05', '2024-02-22', '16:00:00'),
(1093, 29, 'Z02', 'A05', '2024-02-22', '19:00:00'),
(1094, 30, 'Z02', 'A05', '2024-02-22', '22:00:00'),
(1095, 31, 'Z03', 'A01', '2024-02-22', '16:00:00'),
(1096, 32, 'Z03', 'A01', '2024-02-22', '19:00:00'),
(1097, 33, 'Z03', 'A01', '2024-02-22', '22:00:00'),
(1098, 34, 'Z03', 'A02', '2024-02-22', '16:00:00'),
(1099, 35, 'Z03', 'A02', '2024-02-22', '19:00:00'),
(1100, 36, 'Z03', 'A02', '2024-02-22', '22:00:00'),
(1101, 1, 'Z03', 'A03', '2024-02-22', '16:00:00'),
(1102, 2, 'Z03', 'A03', '2024-02-22', '19:00:00'),
(1103, 3, 'Z03', 'A03', '2024-02-22', '22:00:00'),
(1104, 4, 'Z03', 'A04', '2024-02-22', '16:00:00'),
(1105, 5, 'Z03', 'A04', '2024-02-22', '19:00:00'),
(1106, 6, 'Z03', 'A04', '2024-02-22', '22:00:00'),
(1107, 7, 'Z03', 'A05', '2024-02-22', '16:00:00'),
(1108, 8, 'Z03', 'A05', '2024-02-22', '19:00:00'),
(1109, 9, 'Z03', 'A05', '2024-02-22', '22:00:00'),
(1110, 10, 'Z04', 'A01', '2024-02-22', '16:00:00'),
(1111, 11, 'Z04', 'A01', '2024-02-22', '19:00:00'),
(1112, 12, 'Z04', 'A01', '2024-02-22', '22:00:00'),
(1113, 13, 'Z04', 'A02', '2024-02-22', '16:00:00'),
(1114, 14, 'Z04', 'A02', '2024-02-22', '19:00:00'),
(1115, 15, 'Z04', 'A02', '2024-02-22', '22:00:00'),
(1116, 16, 'Z04', 'A03', '2024-02-22', '16:00:00'),
(1117, 17, 'Z04', 'A03', '2024-02-22', '19:00:00'),
(1118, 18, 'Z04', 'A03', '2024-02-22', '22:00:00'),
(1119, 19, 'Z04', 'A04', '2024-02-22', '16:00:00'),
(1120, 20, 'Z04', 'A04', '2024-02-22', '19:00:00'),
(1121, 21, 'Z04', 'A04', '2024-02-22', '22:00:00'),
(1122, 22, 'Z04', 'A05', '2024-02-22', '16:00:00'),
(1123, 23, 'Z04', 'A05', '2024-02-22', '19:00:00'),
(1124, 24, 'Z04', 'A05', '2024-02-22', '22:00:00'),
(1125, 25, 'Z05', 'A01', '2024-02-22', '16:00:00'),
(1126, 26, 'Z05', 'A01', '2024-02-22', '19:00:00'),
(1127, 27, 'Z05', 'A01', '2024-02-22', '22:00:00'),
(1128, 28, 'Z05', 'A02', '2024-02-22', '16:00:00'),
(1129, 29, 'Z05', 'A02', '2024-02-22', '19:00:00'),
(1130, 30, 'Z05', 'A02', '2024-02-22', '22:00:00'),
(1131, 31, 'Z05', 'A03', '2024-02-22', '16:00:00'),
(1132, 32, 'Z05', 'A03', '2024-02-22', '19:00:00'),
(1133, 33, 'Z05', 'A03', '2024-02-22', '22:00:00'),
(1134, 34, 'Z05', 'A04', '2024-02-22', '16:00:00'),
(1135, 35, 'Z05', 'A04', '2024-02-22', '19:00:00'),
(1136, 36, 'Z05', 'A04', '2024-02-22', '22:00:00'),
(1137, 1, 'Z05', 'A05', '2024-02-22', '16:00:00'),
(1138, 2, 'Z05', 'A05', '2024-02-22', '19:00:00'),
(1139, 3, 'Z05', 'A05', '2024-02-22', '22:00:00'),
(1140, 1, 'Z01', 'A01', '2024-02-23', '16:00:00'),
(1141, 2, 'Z01', 'A01', '2024-02-23', '19:00:00'),
(1142, 3, 'Z01', 'A01', '2024-02-23', '22:00:00'),
(1143, 4, 'Z01', 'A02', '2024-02-23', '16:00:00'),
(1144, 5, 'Z01', 'A02', '2024-02-23', '19:00:00'),
(1145, 6, 'Z01', 'A02', '2024-02-23', '22:00:00'),
(1146, 7, 'Z01', 'A03', '2024-02-23', '16:00:00'),
(1147, 8, 'Z01', 'A03', '2024-02-23', '19:00:00'),
(1148, 9, 'Z01', 'A03', '2024-02-23', '22:00:00'),
(1149, 10, 'Z01', 'A04', '2024-02-23', '16:00:00'),
(1150, 11, 'Z01', 'A04', '2024-02-23', '19:00:00'),
(1151, 12, 'Z01', 'A04', '2024-02-23', '22:00:00'),
(1152, 13, 'Z01', 'A05', '2024-02-23', '16:00:00'),
(1153, 14, 'Z01', 'A05', '2024-02-23', '19:00:00'),
(1154, 15, 'Z01', 'A05', '2024-02-23', '22:00:00'),
(1155, 16, 'Z02', 'A01', '2024-02-23', '16:00:00'),
(1156, 17, 'Z02', 'A01', '2024-02-23', '19:00:00'),
(1157, 18, 'Z02', 'A01', '2024-02-23', '22:00:00'),
(1158, 19, 'Z02', 'A02', '2024-02-23', '16:00:00'),
(1159, 20, 'Z02', 'A02', '2024-02-23', '19:00:00'),
(1160, 21, 'Z02', 'A02', '2024-02-23', '22:00:00'),
(1161, 22, 'Z02', 'A03', '2024-02-23', '16:00:00'),
(1162, 23, 'Z02', 'A03', '2024-02-23', '19:00:00'),
(1163, 24, 'Z02', 'A03', '2024-02-23', '22:00:00'),
(1164, 25, 'Z02', 'A04', '2024-02-23', '16:00:00'),
(1165, 26, 'Z02', 'A04', '2024-02-23', '19:00:00'),
(1166, 27, 'Z02', 'A04', '2024-02-23', '22:00:00'),
(1167, 28, 'Z02', 'A05', '2024-02-23', '16:00:00'),
(1168, 29, 'Z02', 'A05', '2024-02-23', '19:00:00'),
(1169, 30, 'Z02', 'A05', '2024-02-23', '22:00:00'),
(1170, 31, 'Z03', 'A01', '2024-02-23', '16:00:00'),
(1171, 32, 'Z03', 'A01', '2024-02-23', '19:00:00'),
(1172, 33, 'Z03', 'A01', '2024-02-23', '22:00:00'),
(1173, 34, 'Z03', 'A02', '2024-02-23', '16:00:00'),
(1174, 35, 'Z03', 'A02', '2024-02-23', '19:00:00'),
(1175, 36, 'Z03', 'A02', '2024-02-23', '22:00:00'),
(1176, 1, 'Z03', 'A03', '2024-02-23', '16:00:00'),
(1177, 2, 'Z03', 'A03', '2024-02-23', '19:00:00'),
(1178, 3, 'Z03', 'A03', '2024-02-23', '22:00:00'),
(1179, 4, 'Z03', 'A04', '2024-02-23', '16:00:00'),
(1180, 5, 'Z03', 'A04', '2024-02-23', '19:00:00'),
(1181, 6, 'Z03', 'A04', '2024-02-23', '22:00:00'),
(1182, 7, 'Z03', 'A05', '2024-02-23', '16:00:00'),
(1183, 8, 'Z03', 'A05', '2024-02-23', '19:00:00'),
(1184, 9, 'Z03', 'A05', '2024-02-23', '22:00:00'),
(1185, 10, 'Z04', 'A01', '2024-02-23', '16:00:00'),
(1186, 11, 'Z04', 'A01', '2024-02-23', '19:00:00'),
(1187, 12, 'Z04', 'A01', '2024-02-23', '22:00:00'),
(1188, 13, 'Z04', 'A02', '2024-02-23', '16:00:00'),
(1189, 14, 'Z04', 'A02', '2024-02-23', '19:00:00'),
(1190, 15, 'Z04', 'A02', '2024-02-23', '22:00:00'),
(1191, 16, 'Z04', 'A03', '2024-02-23', '16:00:00'),
(1192, 17, 'Z04', 'A03', '2024-02-23', '19:00:00'),
(1193, 18, 'Z04', 'A03', '2024-02-23', '22:00:00'),
(1194, 19, 'Z04', 'A04', '2024-02-23', '16:00:00'),
(1195, 20, 'Z04', 'A04', '2024-02-23', '19:00:00'),
(1196, 21, 'Z04', 'A04', '2024-02-23', '22:00:00'),
(1197, 22, 'Z04', 'A05', '2024-02-23', '16:00:00'),
(1198, 23, 'Z04', 'A05', '2024-02-23', '19:00:00'),
(1199, 24, 'Z04', 'A05', '2024-02-23', '22:00:00'),
(1200, 25, 'Z05', 'A01', '2024-02-23', '16:00:00'),
(1201, 26, 'Z05', 'A01', '2024-02-23', '19:00:00'),
(1202, 27, 'Z05', 'A01', '2024-02-23', '22:00:00'),
(1203, 28, 'Z05', 'A02', '2024-02-23', '16:00:00'),
(1204, 29, 'Z05', 'A02', '2024-02-23', '19:00:00'),
(1205, 30, 'Z05', 'A02', '2024-02-23', '22:00:00'),
(1206, 31, 'Z05', 'A03', '2024-02-23', '16:00:00'),
(1207, 32, 'Z05', 'A03', '2024-02-23', '19:00:00'),
(1208, 33, 'Z05', 'A03', '2024-02-23', '22:00:00'),
(1209, 34, 'Z05', 'A04', '2024-02-23', '16:00:00'),
(1210, 35, 'Z05', 'A04', '2024-02-23', '19:00:00'),
(1211, 36, 'Z05', 'A04', '2024-02-23', '22:00:00'),
(1212, 1, 'Z05', 'A05', '2024-02-23', '16:00:00'),
(1213, 2, 'Z05', 'A05', '2024-02-23', '19:00:00'),
(1214, 3, 'Z05', 'A05', '2024-02-23', '22:00:00'),
(1215, 1, 'Z01', 'A01', '2024-02-24', '16:00:00'),
(1216, 2, 'Z01', 'A01', '2024-02-24', '19:00:00'),
(1217, 3, 'Z01', 'A01', '2024-02-24', '22:00:00'),
(1218, 4, 'Z01', 'A02', '2024-02-24', '16:00:00'),
(1219, 5, 'Z01', 'A02', '2024-02-24', '19:00:00'),
(1220, 6, 'Z01', 'A02', '2024-02-24', '22:00:00'),
(1221, 7, 'Z01', 'A03', '2024-02-24', '16:00:00'),
(1222, 8, 'Z01', 'A03', '2024-02-24', '19:00:00'),
(1223, 9, 'Z01', 'A03', '2024-02-24', '22:00:00'),
(1224, 10, 'Z01', 'A04', '2024-02-24', '16:00:00'),
(1225, 11, 'Z01', 'A04', '2024-02-24', '19:00:00'),
(1226, 12, 'Z01', 'A04', '2024-02-24', '22:00:00'),
(1227, 13, 'Z01', 'A05', '2024-02-24', '16:00:00'),
(1228, 14, 'Z01', 'A05', '2024-02-24', '19:00:00'),
(1229, 15, 'Z01', 'A05', '2024-02-24', '22:00:00'),
(1230, 16, 'Z02', 'A01', '2024-02-24', '16:00:00'),
(1231, 17, 'Z02', 'A01', '2024-02-24', '19:00:00'),
(1232, 18, 'Z02', 'A01', '2024-02-24', '22:00:00'),
(1233, 19, 'Z02', 'A02', '2024-02-24', '16:00:00'),
(1234, 20, 'Z02', 'A02', '2024-02-24', '19:00:00'),
(1235, 21, 'Z02', 'A02', '2024-02-24', '22:00:00'),
(1236, 22, 'Z02', 'A03', '2024-02-24', '16:00:00'),
(1237, 23, 'Z02', 'A03', '2024-02-24', '19:00:00'),
(1238, 24, 'Z02', 'A03', '2024-02-24', '22:00:00'),
(1239, 25, 'Z02', 'A04', '2024-02-24', '16:00:00'),
(1240, 26, 'Z02', 'A04', '2024-02-24', '19:00:00'),
(1241, 27, 'Z02', 'A04', '2024-02-24', '22:00:00'),
(1242, 28, 'Z02', 'A05', '2024-02-24', '16:00:00'),
(1243, 29, 'Z02', 'A05', '2024-02-24', '19:00:00'),
(1244, 30, 'Z02', 'A05', '2024-02-24', '22:00:00'),
(1245, 31, 'Z03', 'A01', '2024-02-24', '16:00:00'),
(1246, 32, 'Z03', 'A01', '2024-02-24', '19:00:00'),
(1247, 33, 'Z03', 'A01', '2024-02-24', '22:00:00'),
(1248, 34, 'Z03', 'A02', '2024-02-24', '16:00:00'),
(1249, 35, 'Z03', 'A02', '2024-02-24', '19:00:00'),
(1250, 36, 'Z03', 'A02', '2024-02-24', '22:00:00'),
(1251, 1, 'Z03', 'A03', '2024-02-24', '16:00:00'),
(1252, 2, 'Z03', 'A03', '2024-02-24', '19:00:00'),
(1253, 3, 'Z03', 'A03', '2024-02-24', '22:00:00'),
(1254, 4, 'Z03', 'A04', '2024-02-24', '16:00:00'),
(1255, 5, 'Z03', 'A04', '2024-02-24', '19:00:00'),
(1256, 6, 'Z03', 'A04', '2024-02-24', '22:00:00'),
(1257, 7, 'Z03', 'A05', '2024-02-24', '16:00:00'),
(1258, 8, 'Z03', 'A05', '2024-02-24', '19:00:00'),
(1259, 9, 'Z03', 'A05', '2024-02-24', '22:00:00'),
(1260, 10, 'Z04', 'A01', '2024-02-24', '16:00:00'),
(1261, 11, 'Z04', 'A01', '2024-02-24', '19:00:00'),
(1262, 12, 'Z04', 'A01', '2024-02-24', '22:00:00'),
(1263, 13, 'Z04', 'A02', '2024-02-24', '16:00:00'),
(1264, 14, 'Z04', 'A02', '2024-02-24', '19:00:00'),
(1265, 15, 'Z04', 'A02', '2024-02-24', '22:00:00'),
(1266, 16, 'Z04', 'A03', '2024-02-24', '16:00:00'),
(1267, 17, 'Z04', 'A03', '2024-02-24', '19:00:00'),
(1268, 18, 'Z04', 'A03', '2024-02-24', '22:00:00'),
(1269, 19, 'Z04', 'A04', '2024-02-24', '16:00:00'),
(1270, 20, 'Z04', 'A04', '2024-02-24', '19:00:00'),
(1271, 21, 'Z04', 'A04', '2024-02-24', '22:00:00'),
(1272, 22, 'Z04', 'A05', '2024-02-24', '16:00:00'),
(1273, 23, 'Z04', 'A05', '2024-02-24', '19:00:00'),
(1274, 24, 'Z04', 'A05', '2024-02-24', '22:00:00'),
(1275, 25, 'Z05', 'A01', '2024-02-24', '16:00:00'),
(1276, 26, 'Z05', 'A01', '2024-02-24', '19:00:00'),
(1277, 27, 'Z05', 'A01', '2024-02-24', '22:00:00'),
(1278, 28, 'Z05', 'A02', '2024-02-24', '16:00:00'),
(1279, 29, 'Z05', 'A02', '2024-02-24', '19:00:00'),
(1280, 30, 'Z05', 'A02', '2024-02-24', '22:00:00'),
(1281, 31, 'Z05', 'A03', '2024-02-24', '16:00:00'),
(1282, 32, 'Z05', 'A03', '2024-02-24', '19:00:00'),
(1283, 33, 'Z05', 'A03', '2024-02-24', '22:00:00'),
(1284, 34, 'Z05', 'A04', '2024-02-24', '16:00:00'),
(1285, 35, 'Z05', 'A04', '2024-02-24', '19:00:00'),
(1286, 36, 'Z05', 'A04', '2024-02-24', '22:00:00'),
(1287, 1, 'Z05', 'A05', '2024-02-24', '16:00:00'),
(1288, 2, 'Z05', 'A05', '2024-02-24', '19:00:00'),
(1289, 3, 'Z05', 'A05', '2024-02-24', '22:00:00'),
(1290, 1, 'Z01', 'A01', '2024-02-25', '16:00:00'),
(1291, 2, 'Z01', 'A01', '2024-02-25', '19:00:00'),
(1292, 3, 'Z01', 'A01', '2024-02-25', '22:00:00'),
(1293, 4, 'Z01', 'A02', '2024-02-25', '16:00:00'),
(1294, 5, 'Z01', 'A02', '2024-02-25', '19:00:00'),
(1295, 6, 'Z01', 'A02', '2024-02-25', '22:00:00'),
(1296, 7, 'Z01', 'A03', '2024-02-25', '16:00:00'),
(1297, 8, 'Z01', 'A03', '2024-02-25', '19:00:00'),
(1298, 9, 'Z01', 'A03', '2024-02-25', '22:00:00'),
(1299, 10, 'Z01', 'A04', '2024-02-25', '16:00:00'),
(1300, 11, 'Z01', 'A04', '2024-02-25', '19:00:00'),
(1301, 12, 'Z01', 'A04', '2024-02-25', '22:00:00'),
(1302, 13, 'Z01', 'A05', '2024-02-25', '16:00:00'),
(1303, 14, 'Z01', 'A05', '2024-02-25', '19:00:00'),
(1304, 15, 'Z01', 'A05', '2024-02-25', '22:00:00'),
(1305, 16, 'Z02', 'A01', '2024-02-25', '16:00:00'),
(1306, 17, 'Z02', 'A01', '2024-02-25', '19:00:00'),
(1307, 18, 'Z02', 'A01', '2024-02-25', '22:00:00'),
(1308, 19, 'Z02', 'A02', '2024-02-25', '16:00:00'),
(1309, 20, 'Z02', 'A02', '2024-02-25', '19:00:00'),
(1310, 21, 'Z02', 'A02', '2024-02-25', '22:00:00'),
(1311, 22, 'Z02', 'A03', '2024-02-25', '16:00:00'),
(1312, 23, 'Z02', 'A03', '2024-02-25', '19:00:00'),
(1313, 24, 'Z02', 'A03', '2024-02-25', '22:00:00'),
(1314, 25, 'Z02', 'A04', '2024-02-25', '16:00:00'),
(1315, 26, 'Z02', 'A04', '2024-02-25', '19:00:00'),
(1316, 27, 'Z02', 'A04', '2024-02-25', '22:00:00'),
(1317, 28, 'Z02', 'A05', '2024-02-25', '16:00:00'),
(1318, 29, 'Z02', 'A05', '2024-02-25', '19:00:00'),
(1319, 30, 'Z02', 'A05', '2024-02-25', '22:00:00'),
(1320, 31, 'Z03', 'A01', '2024-02-25', '16:00:00'),
(1321, 32, 'Z03', 'A01', '2024-02-25', '19:00:00'),
(1322, 33, 'Z03', 'A01', '2024-02-25', '22:00:00'),
(1323, 34, 'Z03', 'A02', '2024-02-25', '16:00:00'),
(1324, 35, 'Z03', 'A02', '2024-02-25', '19:00:00'),
(1325, 36, 'Z03', 'A02', '2024-02-25', '22:00:00'),
(1326, 1, 'Z03', 'A03', '2024-02-25', '16:00:00'),
(1327, 2, 'Z03', 'A03', '2024-02-25', '19:00:00'),
(1328, 3, 'Z03', 'A03', '2024-02-25', '22:00:00'),
(1329, 4, 'Z03', 'A04', '2024-02-25', '16:00:00'),
(1330, 5, 'Z03', 'A04', '2024-02-25', '19:00:00'),
(1331, 6, 'Z03', 'A04', '2024-02-25', '22:00:00'),
(1332, 7, 'Z03', 'A05', '2024-02-25', '16:00:00'),
(1333, 8, 'Z03', 'A05', '2024-02-25', '19:00:00'),
(1334, 9, 'Z03', 'A05', '2024-02-25', '22:00:00'),
(1335, 10, 'Z04', 'A01', '2024-02-25', '16:00:00'),
(1336, 11, 'Z04', 'A01', '2024-02-25', '19:00:00'),
(1337, 12, 'Z04', 'A01', '2024-02-25', '22:00:00'),
(1338, 13, 'Z04', 'A02', '2024-02-25', '16:00:00'),
(1339, 14, 'Z04', 'A02', '2024-02-25', '19:00:00'),
(1340, 15, 'Z04', 'A02', '2024-02-25', '22:00:00'),
(1341, 16, 'Z04', 'A03', '2024-02-25', '16:00:00'),
(1342, 17, 'Z04', 'A03', '2024-02-25', '19:00:00'),
(1343, 18, 'Z04', 'A03', '2024-02-25', '22:00:00'),
(1344, 19, 'Z04', 'A04', '2024-02-25', '16:00:00'),
(1345, 20, 'Z04', 'A04', '2024-02-25', '19:00:00'),
(1346, 21, 'Z04', 'A04', '2024-02-25', '22:00:00'),
(1347, 22, 'Z04', 'A05', '2024-02-25', '16:00:00'),
(1348, 23, 'Z04', 'A05', '2024-02-25', '19:00:00'),
(1349, 24, 'Z04', 'A05', '2024-02-25', '22:00:00'),
(1350, 25, 'Z05', 'A01', '2024-02-25', '16:00:00'),
(1351, 26, 'Z05', 'A01', '2024-02-25', '19:00:00'),
(1352, 27, 'Z05', 'A01', '2024-02-25', '22:00:00'),
(1353, 28, 'Z05', 'A02', '2024-02-25', '16:00:00'),
(1354, 29, 'Z05', 'A02', '2024-02-25', '19:00:00'),
(1355, 30, 'Z05', 'A02', '2024-02-25', '22:00:00'),
(1356, 31, 'Z05', 'A03', '2024-02-25', '16:00:00'),
(1357, 32, 'Z05', 'A03', '2024-02-25', '19:00:00'),
(1358, 33, 'Z05', 'A03', '2024-02-25', '22:00:00'),
(1359, 34, 'Z05', 'A04', '2024-02-25', '16:00:00'),
(1360, 35, 'Z05', 'A04', '2024-02-25', '19:00:00'),
(1361, 36, 'Z05', 'A04', '2024-02-25', '22:00:00'),
(1362, 1, 'Z05', 'A05', '2024-02-25', '16:00:00'),
(1363, 2, 'Z05', 'A05', '2024-02-25', '19:00:00'),
(1364, 3, 'Z05', 'A05', '2024-02-25', '22:00:00'),
(1365, 1, 'Z01', 'A01', '2024-02-26', '16:00:00'),
(1366, 2, 'Z01', 'A01', '2024-02-26', '19:00:00'),
(1367, 3, 'Z01', 'A01', '2024-02-26', '22:00:00'),
(1368, 4, 'Z01', 'A02', '2024-02-26', '16:00:00'),
(1369, 5, 'Z01', 'A02', '2024-02-26', '19:00:00'),
(1370, 6, 'Z01', 'A02', '2024-02-26', '22:00:00'),
(1371, 7, 'Z01', 'A03', '2024-02-26', '16:00:00'),
(1372, 8, 'Z01', 'A03', '2024-02-26', '19:00:00'),
(1373, 9, 'Z01', 'A03', '2024-02-26', '22:00:00'),
(1374, 10, 'Z01', 'A04', '2024-02-26', '16:00:00'),
(1375, 11, 'Z01', 'A04', '2024-02-26', '19:00:00'),
(1376, 12, 'Z01', 'A04', '2024-02-26', '22:00:00'),
(1377, 13, 'Z01', 'A05', '2024-02-26', '16:00:00'),
(1378, 14, 'Z01', 'A05', '2024-02-26', '19:00:00'),
(1379, 15, 'Z01', 'A05', '2024-02-26', '22:00:00'),
(1380, 16, 'Z02', 'A01', '2024-02-26', '16:00:00'),
(1381, 17, 'Z02', 'A01', '2024-02-26', '19:00:00'),
(1382, 18, 'Z02', 'A01', '2024-02-26', '22:00:00'),
(1383, 19, 'Z02', 'A02', '2024-02-26', '16:00:00'),
(1384, 20, 'Z02', 'A02', '2024-02-26', '19:00:00'),
(1385, 21, 'Z02', 'A02', '2024-02-26', '22:00:00'),
(1386, 22, 'Z02', 'A03', '2024-02-26', '16:00:00'),
(1387, 23, 'Z02', 'A03', '2024-02-26', '19:00:00'),
(1388, 24, 'Z02', 'A03', '2024-02-26', '22:00:00'),
(1389, 25, 'Z02', 'A04', '2024-02-26', '16:00:00'),
(1390, 26, 'Z02', 'A04', '2024-02-26', '19:00:00'),
(1391, 27, 'Z02', 'A04', '2024-02-26', '22:00:00'),
(1392, 28, 'Z02', 'A05', '2024-02-26', '16:00:00'),
(1393, 29, 'Z02', 'A05', '2024-02-26', '19:00:00'),
(1394, 30, 'Z02', 'A05', '2024-02-26', '22:00:00'),
(1395, 31, 'Z03', 'A01', '2024-02-26', '16:00:00'),
(1396, 32, 'Z03', 'A01', '2024-02-26', '19:00:00'),
(1397, 33, 'Z03', 'A01', '2024-02-26', '22:00:00'),
(1398, 34, 'Z03', 'A02', '2024-02-26', '16:00:00'),
(1399, 35, 'Z03', 'A02', '2024-02-26', '19:00:00'),
(1400, 36, 'Z03', 'A02', '2024-02-26', '22:00:00'),
(1401, 1, 'Z03', 'A03', '2024-02-26', '16:00:00'),
(1402, 2, 'Z03', 'A03', '2024-02-26', '19:00:00'),
(1403, 3, 'Z03', 'A03', '2024-02-26', '22:00:00'),
(1404, 4, 'Z03', 'A04', '2024-02-26', '16:00:00'),
(1405, 5, 'Z03', 'A04', '2024-02-26', '19:00:00'),
(1406, 6, 'Z03', 'A04', '2024-02-26', '22:00:00'),
(1407, 7, 'Z03', 'A05', '2024-02-26', '16:00:00'),
(1408, 8, 'Z03', 'A05', '2024-02-26', '19:00:00'),
(1409, 9, 'Z03', 'A05', '2024-02-26', '22:00:00'),
(1410, 10, 'Z04', 'A01', '2024-02-26', '16:00:00'),
(1411, 11, 'Z04', 'A01', '2024-02-26', '19:00:00'),
(1412, 12, 'Z04', 'A01', '2024-02-26', '22:00:00'),
(1413, 13, 'Z04', 'A02', '2024-02-26', '16:00:00'),
(1414, 14, 'Z04', 'A02', '2024-02-26', '19:00:00'),
(1415, 15, 'Z04', 'A02', '2024-02-26', '22:00:00'),
(1416, 16, 'Z04', 'A03', '2024-02-26', '16:00:00'),
(1417, 17, 'Z04', 'A03', '2024-02-26', '19:00:00'),
(1418, 18, 'Z04', 'A03', '2024-02-26', '22:00:00'),
(1419, 19, 'Z04', 'A04', '2024-02-26', '16:00:00'),
(1420, 20, 'Z04', 'A04', '2024-02-26', '19:00:00'),
(1421, 21, 'Z04', 'A04', '2024-02-26', '22:00:00'),
(1422, 22, 'Z04', 'A05', '2024-02-26', '16:00:00'),
(1423, 23, 'Z04', 'A05', '2024-02-26', '19:00:00'),
(1424, 24, 'Z04', 'A05', '2024-02-26', '22:00:00'),
(1425, 25, 'Z05', 'A01', '2024-02-26', '16:00:00'),
(1426, 26, 'Z05', 'A01', '2024-02-26', '19:00:00'),
(1427, 27, 'Z05', 'A01', '2024-02-26', '22:00:00'),
(1428, 28, 'Z05', 'A02', '2024-02-26', '16:00:00'),
(1429, 29, 'Z05', 'A02', '2024-02-26', '19:00:00'),
(1430, 30, 'Z05', 'A02', '2024-02-26', '22:00:00'),
(1431, 31, 'Z05', 'A03', '2024-02-26', '16:00:00'),
(1432, 32, 'Z05', 'A03', '2024-02-26', '19:00:00'),
(1433, 33, 'Z05', 'A03', '2024-02-26', '22:00:00'),
(1434, 34, 'Z05', 'A04', '2024-02-26', '16:00:00'),
(1435, 35, 'Z05', 'A04', '2024-02-26', '19:00:00'),
(1436, 36, 'Z05', 'A04', '2024-02-26', '22:00:00'),
(1437, 1, 'Z05', 'A05', '2024-02-26', '16:00:00'),
(1438, 2, 'Z05', 'A05', '2024-02-26', '19:00:00'),
(1439, 3, 'Z05', 'A05', '2024-02-26', '22:00:00'),
(1440, 1, 'Z01', 'A01', '2024-02-27', '16:00:00'),
(1441, 2, 'Z01', 'A01', '2024-02-27', '19:00:00'),
(1442, 3, 'Z01', 'A01', '2024-02-27', '22:00:00'),
(1443, 4, 'Z01', 'A02', '2024-02-27', '16:00:00'),
(1444, 5, 'Z01', 'A02', '2024-02-27', '19:00:00'),
(1445, 6, 'Z01', 'A02', '2024-02-27', '22:00:00'),
(1446, 7, 'Z01', 'A03', '2024-02-27', '16:00:00'),
(1447, 8, 'Z01', 'A03', '2024-02-27', '19:00:00'),
(1448, 9, 'Z01', 'A03', '2024-02-27', '22:00:00'),
(1449, 10, 'Z01', 'A04', '2024-02-27', '16:00:00'),
(1450, 11, 'Z01', 'A04', '2024-02-27', '19:00:00'),
(1451, 12, 'Z01', 'A04', '2024-02-27', '22:00:00'),
(1452, 13, 'Z01', 'A05', '2024-02-27', '16:00:00'),
(1453, 14, 'Z01', 'A05', '2024-02-27', '19:00:00'),
(1454, 15, 'Z01', 'A05', '2024-02-27', '22:00:00'),
(1455, 16, 'Z02', 'A01', '2024-02-27', '16:00:00'),
(1456, 17, 'Z02', 'A01', '2024-02-27', '19:00:00'),
(1457, 18, 'Z02', 'A01', '2024-02-27', '22:00:00'),
(1458, 19, 'Z02', 'A02', '2024-02-27', '16:00:00'),
(1459, 20, 'Z02', 'A02', '2024-02-27', '19:00:00'),
(1460, 21, 'Z02', 'A02', '2024-02-27', '22:00:00'),
(1461, 22, 'Z02', 'A03', '2024-02-27', '16:00:00'),
(1462, 23, 'Z02', 'A03', '2024-02-27', '19:00:00'),
(1463, 24, 'Z02', 'A03', '2024-02-27', '22:00:00'),
(1464, 25, 'Z02', 'A04', '2024-02-27', '16:00:00'),
(1465, 26, 'Z02', 'A04', '2024-02-27', '19:00:00'),
(1466, 27, 'Z02', 'A04', '2024-02-27', '22:00:00'),
(1467, 28, 'Z02', 'A05', '2024-02-27', '16:00:00'),
(1468, 29, 'Z02', 'A05', '2024-02-27', '19:00:00'),
(1469, 30, 'Z02', 'A05', '2024-02-27', '22:00:00'),
(1470, 31, 'Z03', 'A01', '2024-02-27', '16:00:00'),
(1471, 32, 'Z03', 'A01', '2024-02-27', '19:00:00'),
(1472, 33, 'Z03', 'A01', '2024-02-27', '22:00:00'),
(1473, 34, 'Z03', 'A02', '2024-02-27', '16:00:00'),
(1474, 35, 'Z03', 'A02', '2024-02-27', '19:00:00'),
(1475, 36, 'Z03', 'A02', '2024-02-27', '22:00:00'),
(1476, 1, 'Z03', 'A03', '2024-02-27', '16:00:00'),
(1477, 2, 'Z03', 'A03', '2024-02-27', '19:00:00'),
(1478, 3, 'Z03', 'A03', '2024-02-27', '22:00:00'),
(1479, 4, 'Z03', 'A04', '2024-02-27', '16:00:00'),
(1480, 5, 'Z03', 'A04', '2024-02-27', '19:00:00'),
(1481, 6, 'Z03', 'A04', '2024-02-27', '22:00:00'),
(1482, 7, 'Z03', 'A05', '2024-02-27', '16:00:00'),
(1483, 8, 'Z03', 'A05', '2024-02-27', '19:00:00'),
(1484, 9, 'Z03', 'A05', '2024-02-27', '22:00:00'),
(1485, 10, 'Z04', 'A01', '2024-02-27', '16:00:00'),
(1486, 11, 'Z04', 'A01', '2024-02-27', '19:00:00'),
(1487, 12, 'Z04', 'A01', '2024-02-27', '22:00:00'),
(1488, 13, 'Z04', 'A02', '2024-02-27', '16:00:00'),
(1489, 14, 'Z04', 'A02', '2024-02-27', '19:00:00'),
(1490, 15, 'Z04', 'A02', '2024-02-27', '22:00:00'),
(1491, 16, 'Z04', 'A03', '2024-02-27', '16:00:00'),
(1492, 17, 'Z04', 'A03', '2024-02-27', '19:00:00'),
(1493, 18, 'Z04', 'A03', '2024-02-27', '22:00:00'),
(1494, 19, 'Z04', 'A04', '2024-02-27', '16:00:00'),
(1495, 20, 'Z04', 'A04', '2024-02-27', '19:00:00'),
(1496, 21, 'Z04', 'A04', '2024-02-27', '22:00:00'),
(1497, 22, 'Z04', 'A05', '2024-02-27', '16:00:00'),
(1498, 23, 'Z04', 'A05', '2024-02-27', '19:00:00'),
(1499, 24, 'Z04', 'A05', '2024-02-27', '22:00:00'),
(1500, 25, 'Z05', 'A01', '2024-02-27', '16:00:00'),
(1501, 26, 'Z05', 'A01', '2024-02-27', '19:00:00'),
(1502, 27, 'Z05', 'A01', '2024-02-27', '22:00:00'),
(1503, 28, 'Z05', 'A02', '2024-02-27', '16:00:00'),
(1504, 29, 'Z05', 'A02', '2024-02-27', '19:00:00'),
(1505, 30, 'Z05', 'A02', '2024-02-27', '22:00:00'),
(1506, 31, 'Z05', 'A03', '2024-02-27', '16:00:00'),
(1507, 32, 'Z05', 'A03', '2024-02-27', '19:00:00'),
(1508, 33, 'Z05', 'A03', '2024-02-27', '22:00:00'),
(1509, 34, 'Z05', 'A04', '2024-02-27', '16:00:00'),
(1510, 35, 'Z05', 'A04', '2024-02-27', '19:00:00'),
(1511, 36, 'Z05', 'A04', '2024-02-27', '22:00:00'),
(1512, 1, 'Z05', 'A05', '2024-02-27', '16:00:00'),
(1513, 2, 'Z05', 'A05', '2024-02-27', '19:00:00'),
(1514, 3, 'Z05', 'A05', '2024-02-27', '22:00:00'),
(1515, 1, 'Z01', 'A01', '2024-02-28', '16:00:00'),
(1516, 2, 'Z01', 'A01', '2024-02-28', '19:00:00'),
(1517, 3, 'Z01', 'A01', '2024-02-28', '22:00:00'),
(1518, 4, 'Z01', 'A02', '2024-02-28', '16:00:00'),
(1519, 5, 'Z01', 'A02', '2024-02-28', '19:00:00'),
(1520, 6, 'Z01', 'A02', '2024-02-28', '22:00:00'),
(1521, 7, 'Z01', 'A03', '2024-02-28', '16:00:00'),
(1522, 8, 'Z01', 'A03', '2024-02-28', '19:00:00'),
(1523, 9, 'Z01', 'A03', '2024-02-28', '22:00:00'),
(1524, 10, 'Z01', 'A04', '2024-02-28', '16:00:00'),
(1525, 11, 'Z01', 'A04', '2024-02-28', '19:00:00'),
(1526, 12, 'Z01', 'A04', '2024-02-28', '22:00:00'),
(1527, 13, 'Z01', 'A05', '2024-02-28', '16:00:00'),
(1528, 14, 'Z01', 'A05', '2024-02-28', '19:00:00'),
(1529, 15, 'Z01', 'A05', '2024-02-28', '22:00:00'),
(1530, 16, 'Z02', 'A01', '2024-02-28', '16:00:00'),
(1531, 17, 'Z02', 'A01', '2024-02-28', '19:00:00'),
(1532, 18, 'Z02', 'A01', '2024-02-28', '22:00:00'),
(1533, 19, 'Z02', 'A02', '2024-02-28', '16:00:00'),
(1534, 20, 'Z02', 'A02', '2024-02-28', '19:00:00'),
(1535, 21, 'Z02', 'A02', '2024-02-28', '22:00:00'),
(1536, 22, 'Z02', 'A03', '2024-02-28', '16:00:00'),
(1537, 23, 'Z02', 'A03', '2024-02-28', '19:00:00'),
(1538, 24, 'Z02', 'A03', '2024-02-28', '22:00:00'),
(1539, 25, 'Z02', 'A04', '2024-02-28', '16:00:00'),
(1540, 26, 'Z02', 'A04', '2024-02-28', '19:00:00'),
(1541, 27, 'Z02', 'A04', '2024-02-28', '22:00:00'),
(1542, 28, 'Z02', 'A05', '2024-02-28', '16:00:00'),
(1543, 29, 'Z02', 'A05', '2024-02-28', '19:00:00'),
(1544, 30, 'Z02', 'A05', '2024-02-28', '22:00:00'),
(1545, 31, 'Z03', 'A01', '2024-02-28', '16:00:00'),
(1546, 32, 'Z03', 'A01', '2024-02-28', '19:00:00'),
(1547, 33, 'Z03', 'A01', '2024-02-28', '22:00:00'),
(1548, 34, 'Z03', 'A02', '2024-02-28', '16:00:00'),
(1549, 35, 'Z03', 'A02', '2024-02-28', '19:00:00'),
(1550, 36, 'Z03', 'A02', '2024-02-28', '22:00:00'),
(1551, 1, 'Z03', 'A03', '2024-02-28', '16:00:00'),
(1552, 2, 'Z03', 'A03', '2024-02-28', '19:00:00'),
(1553, 3, 'Z03', 'A03', '2024-02-28', '22:00:00'),
(1554, 4, 'Z03', 'A04', '2024-02-28', '16:00:00'),
(1555, 5, 'Z03', 'A04', '2024-02-28', '19:00:00'),
(1556, 6, 'Z03', 'A04', '2024-02-28', '22:00:00'),
(1557, 7, 'Z03', 'A05', '2024-02-28', '16:00:00'),
(1558, 8, 'Z03', 'A05', '2024-02-28', '19:00:00'),
(1559, 9, 'Z03', 'A05', '2024-02-28', '22:00:00'),
(1560, 10, 'Z04', 'A01', '2024-02-28', '16:00:00'),
(1561, 11, 'Z04', 'A01', '2024-02-28', '19:00:00'),
(1562, 12, 'Z04', 'A01', '2024-02-28', '22:00:00'),
(1563, 13, 'Z04', 'A02', '2024-02-28', '16:00:00'),
(1564, 14, 'Z04', 'A02', '2024-02-28', '19:00:00'),
(1565, 15, 'Z04', 'A02', '2024-02-28', '22:00:00'),
(1566, 16, 'Z04', 'A03', '2024-02-28', '16:00:00'),
(1567, 17, 'Z04', 'A03', '2024-02-28', '19:00:00'),
(1568, 18, 'Z04', 'A03', '2024-02-28', '22:00:00'),
(1569, 19, 'Z04', 'A04', '2024-02-28', '16:00:00'),
(1570, 20, 'Z04', 'A04', '2024-02-28', '19:00:00'),
(1571, 21, 'Z04', 'A04', '2024-02-28', '22:00:00'),
(1572, 22, 'Z04', 'A05', '2024-02-28', '16:00:00'),
(1573, 23, 'Z04', 'A05', '2024-02-28', '19:00:00'),
(1574, 24, 'Z04', 'A05', '2024-02-28', '22:00:00'),
(1575, 25, 'Z05', 'A01', '2024-02-28', '16:00:00'),
(1576, 26, 'Z05', 'A01', '2024-02-28', '19:00:00'),
(1577, 27, 'Z05', 'A01', '2024-02-28', '22:00:00'),
(1578, 28, 'Z05', 'A02', '2024-02-28', '16:00:00'),
(1579, 29, 'Z05', 'A02', '2024-02-28', '19:00:00'),
(1580, 30, 'Z05', 'A02', '2024-02-28', '22:00:00'),
(1581, 31, 'Z05', 'A03', '2024-02-28', '16:00:00'),
(1582, 32, 'Z05', 'A03', '2024-02-28', '19:00:00'),
(1583, 33, 'Z05', 'A03', '2024-02-28', '22:00:00'),
(1584, 34, 'Z05', 'A04', '2024-02-28', '16:00:00'),
(1585, 35, 'Z05', 'A04', '2024-02-28', '19:00:00'),
(1586, 36, 'Z05', 'A04', '2024-02-28', '22:00:00'),
(1587, 1, 'Z05', 'A05', '2024-02-28', '16:00:00'),
(1588, 2, 'Z05', 'A05', '2024-02-28', '19:00:00'),
(1589, 3, 'Z05', 'A05', '2024-02-28', '22:00:00'),
(1590, 1, 'Z01', 'A01', '2024-02-29', '16:00:00'),
(1591, 2, 'Z01', 'A01', '2024-02-29', '19:00:00'),
(1592, 3, 'Z01', 'A01', '2024-02-29', '22:00:00'),
(1593, 4, 'Z01', 'A02', '2024-02-29', '16:00:00'),
(1594, 5, 'Z01', 'A02', '2024-02-29', '19:00:00'),
(1595, 6, 'Z01', 'A02', '2024-02-29', '22:00:00'),
(1596, 7, 'Z01', 'A03', '2024-02-29', '16:00:00'),
(1597, 8, 'Z01', 'A03', '2024-02-29', '19:00:00'),
(1598, 9, 'Z01', 'A03', '2024-02-29', '22:00:00'),
(1599, 10, 'Z01', 'A04', '2024-02-29', '16:00:00'),
(1600, 11, 'Z01', 'A04', '2024-02-29', '19:00:00'),
(1601, 12, 'Z01', 'A04', '2024-02-29', '22:00:00'),
(1602, 13, 'Z01', 'A05', '2024-02-29', '16:00:00'),
(1603, 14, 'Z01', 'A05', '2024-02-29', '19:00:00'),
(1604, 15, 'Z01', 'A05', '2024-02-29', '22:00:00'),
(1605, 16, 'Z02', 'A01', '2024-02-29', '16:00:00'),
(1606, 17, 'Z02', 'A01', '2024-02-29', '19:00:00'),
(1607, 18, 'Z02', 'A01', '2024-02-29', '22:00:00'),
(1608, 19, 'Z02', 'A02', '2024-02-29', '16:00:00'),
(1609, 20, 'Z02', 'A02', '2024-02-29', '19:00:00'),
(1610, 21, 'Z02', 'A02', '2024-02-29', '22:00:00'),
(1611, 22, 'Z02', 'A03', '2024-02-29', '16:00:00'),
(1612, 23, 'Z02', 'A03', '2024-02-29', '19:00:00'),
(1613, 24, 'Z02', 'A03', '2024-02-29', '22:00:00'),
(1614, 25, 'Z02', 'A04', '2024-02-29', '16:00:00'),
(1615, 26, 'Z02', 'A04', '2024-02-29', '19:00:00'),
(1616, 27, 'Z02', 'A04', '2024-02-29', '22:00:00'),
(1617, 28, 'Z02', 'A05', '2024-02-29', '16:00:00'),
(1618, 29, 'Z02', 'A05', '2024-02-29', '19:00:00'),
(1619, 30, 'Z02', 'A05', '2024-02-29', '22:00:00'),
(1620, 31, 'Z03', 'A01', '2024-02-29', '16:00:00'),
(1621, 32, 'Z03', 'A01', '2024-02-29', '19:00:00'),
(1622, 33, 'Z03', 'A01', '2024-02-29', '22:00:00'),
(1623, 34, 'Z03', 'A02', '2024-02-29', '16:00:00'),
(1624, 35, 'Z03', 'A02', '2024-02-29', '19:00:00'),
(1625, 36, 'Z03', 'A02', '2024-02-29', '22:00:00'),
(1626, 1, 'Z03', 'A03', '2024-02-29', '16:00:00'),
(1627, 2, 'Z03', 'A03', '2024-02-29', '19:00:00'),
(1628, 3, 'Z03', 'A03', '2024-02-29', '22:00:00'),
(1629, 4, 'Z03', 'A04', '2024-02-29', '16:00:00'),
(1630, 5, 'Z03', 'A04', '2024-02-29', '19:00:00'),
(1631, 6, 'Z03', 'A04', '2024-02-29', '22:00:00'),
(1632, 7, 'Z03', 'A05', '2024-02-29', '16:00:00'),
(1633, 8, 'Z03', 'A05', '2024-02-29', '19:00:00'),
(1634, 9, 'Z03', 'A05', '2024-02-29', '22:00:00'),
(1635, 10, 'Z04', 'A01', '2024-02-29', '16:00:00'),
(1636, 11, 'Z04', 'A01', '2024-02-29', '19:00:00'),
(1637, 12, 'Z04', 'A01', '2024-02-29', '22:00:00'),
(1638, 13, 'Z04', 'A02', '2024-02-29', '16:00:00'),
(1639, 14, 'Z04', 'A02', '2024-02-29', '19:00:00'),
(1640, 15, 'Z04', 'A02', '2024-02-29', '22:00:00'),
(1641, 16, 'Z04', 'A03', '2024-02-29', '16:00:00'),
(1642, 17, 'Z04', 'A03', '2024-02-29', '19:00:00'),
(1643, 18, 'Z04', 'A03', '2024-02-29', '22:00:00'),
(1644, 19, 'Z04', 'A04', '2024-02-29', '16:00:00'),
(1645, 20, 'Z04', 'A04', '2024-02-29', '19:00:00'),
(1646, 21, 'Z04', 'A04', '2024-02-29', '22:00:00'),
(1647, 22, 'Z04', 'A05', '2024-02-29', '16:00:00'),
(1648, 23, 'Z04', 'A05', '2024-02-29', '19:00:00'),
(1649, 24, 'Z04', 'A05', '2024-02-29', '22:00:00'),
(1650, 25, 'Z05', 'A01', '2024-02-29', '16:00:00'),
(1651, 26, 'Z05', 'A01', '2024-02-29', '19:00:00'),
(1652, 27, 'Z05', 'A01', '2024-02-29', '22:00:00'),
(1653, 28, 'Z05', 'A02', '2024-02-29', '16:00:00'),
(1654, 29, 'Z05', 'A02', '2024-02-29', '19:00:00'),
(1655, 30, 'Z05', 'A02', '2024-02-29', '22:00:00'),
(1656, 31, 'Z05', 'A03', '2024-02-29', '16:00:00'),
(1657, 32, 'Z05', 'A03', '2024-02-29', '19:00:00'),
(1658, 33, 'Z05', 'A03', '2024-02-29', '22:00:00'),
(1659, 34, 'Z05', 'A04', '2024-02-29', '16:00:00'),
(1660, 35, 'Z05', 'A04', '2024-02-29', '19:00:00'),
(1661, 36, 'Z05', 'A04', '2024-02-29', '22:00:00'),
(1662, 1, 'Z05', 'A05', '2024-02-29', '16:00:00'),
(1663, 2, 'Z05', 'A05', '2024-02-29', '19:00:00'),
(1664, 3, 'Z05', 'A05', '2024-02-29', '22:00:00');

-- --------------------------------------------------------

--
-- Estructura de tabla para la tabla `sarrera`
--

CREATE TABLE `sarrera` (
  `idSarrera` int(10) UNSIGNED NOT NULL,
  `idErosketa` int(10) UNSIGNED DEFAULT NULL,
  `idSaioa` int(10) UNSIGNED DEFAULT NULL,
  `sarreraKant` int(10) UNSIGNED DEFAULT NULL
) ENGINE=InnoDB DEFAULT CHARSET=utf8mb4 COLLATE=utf8mb4_general_ci;

--
-- Volcado de datos para la tabla `sarrera`
--

INSERT INTO `sarrera` (`idSarrera`, `idErosketa`, `idSaioa`, `sarreraKant`) VALUES
(1, 1, 100, 3),
(2, 2, 169, 7),
(3, 3, 169, 1),
(4, 4, 1, 2),
(5, 5, 2, 6),
(6, 6, 3, 4);

-- --------------------------------------------------------

--
-- Estructura de tabla para la tabla `sarreramota`
--

CREATE TABLE `sarreramota` (
  `kostua` double DEFAULT NULL,
  `idMota` int(10) UNSIGNED NOT NULL
) ENGINE=InnoDB DEFAULT CHARSET=utf8mb4 COLLATE=utf8mb4_general_ci;

--
-- Volcado de datos para la tabla `sarreramota`
--

INSERT INTO `sarreramota` (`kostua`, `idMota`) VALUES
(8.9, 1),
(6.9, 2),
(6.9, 3),
(6.9, 4);

-- --------------------------------------------------------

--
-- Estructura de tabla para la tabla `zinema`
--

CREATE TABLE `zinema` (
  `idZinema` varchar(15) NOT NULL,
  `NIF` varchar(15) NOT NULL,
  `izena` varchar(20) DEFAULT NULL,
  `helbidea` varchar(100) DEFAULT NULL,
  `telf` int(11) DEFAULT NULL
) ENGINE=InnoDB DEFAULT CHARSET=utf8mb4 COLLATE=utf8mb4_general_ci;

--
-- Volcado de datos para la tabla `zinema`
--

INSERT INTO `zinema` (`idZinema`, `NIF`, `izena`, `helbidea`, `telf`) VALUES
('Z01', '123456789A', 'ELORRIETA ZINEMA', 'Calle Ejemplo 123', 944028843),
('Z02', '321354154B', 'ERANDIO ZINEMA', 'Ramon Rubial Kalea, 2, 48950 Erandio, Bizkaia', 944673248),
('Z03', '564651436X', 'BARAKALDO ZINEMA', 'San José Kalea, 0, Santa Teresa, 48901 Barakaldo, Bizkaia', 944372881),
('Z04', '476864654A', 'SANTUXU ZINEMA', 'De la Cosa Juan Kalea, 25, 48004 Bilbo, Bizkaia', 944124811),
('Z05', '884216412A', 'BASAURI ZINEMA', 'Altube Kalea, 48970 Basauri, Bizkaia', 671921072);

--
-- Índices para tablas volcadas
--

--
-- Indices de la tabla `aretoa`
--
ALTER TABLE `aretoa`
  ADD PRIMARY KEY (`idAretoa`,`idZinema`),
  ADD KEY `idZinema` (`idZinema`);

--
-- Indices de la tabla `bezeroa`
--
ALTER TABLE `bezeroa`
  ADD PRIMARY KEY (`idBezero`),
  ADD UNIQUE KEY `NAN` (`NAN`),
  ADD UNIQUE KEY `erabiltzailea` (`erabiltzailea`);

--
-- Indices de la tabla `erosketa`
--
ALTER TABLE `erosketa`
  ADD PRIMARY KEY (`idErosketa`,`idMota`),
  ADD KEY `idMota` (`idMota`),
  ADD KEY `idBezero` (`idBezero`);

--
-- Indices de la tabla `filma`
--
ALTER TABLE `filma`
  ADD PRIMARY KEY (`idFilma`);

--
-- Indices de la tabla `saioa`
--
ALTER TABLE `saioa`
  ADD PRIMARY KEY (`idSaioa`),
  ADD KEY `idFilma` (`idFilma`),
  ADD KEY `idAretoa` (`idAretoa`,`idZinema`);

--
-- Indices de la tabla `sarrera`
--
ALTER TABLE `sarrera`
  ADD PRIMARY KEY (`idSarrera`),
  ADD KEY `idErosketa` (`idErosketa`),
  ADD KEY `idSaioa` (`idSaioa`);

--
-- Indices de la tabla `sarreramota`
--
ALTER TABLE `sarreramota`
  ADD PRIMARY KEY (`idMota`);

--
-- Indices de la tabla `zinema`
--
ALTER TABLE `zinema`
  ADD PRIMARY KEY (`idZinema`),
  ADD UNIQUE KEY `NIF` (`NIF`);

--
-- AUTO_INCREMENT de las tablas volcadas
--

--
-- AUTO_INCREMENT de la tabla `erosketa`
--
ALTER TABLE `erosketa`
  MODIFY `idErosketa` int(10) UNSIGNED NOT NULL AUTO_INCREMENT, AUTO_INCREMENT=7;

--
-- AUTO_INCREMENT de la tabla `filma`
--
ALTER TABLE `filma`
  MODIFY `idFilma` int(10) UNSIGNED NOT NULL AUTO_INCREMENT, AUTO_INCREMENT=37;

--
-- AUTO_INCREMENT de la tabla `saioa`
--
ALTER TABLE `saioa`
  MODIFY `idSaioa` int(10) UNSIGNED NOT NULL AUTO_INCREMENT, AUTO_INCREMENT=1665;

--
-- AUTO_INCREMENT de la tabla `sarrera`
--
ALTER TABLE `sarrera`
  MODIFY `idSarrera` int(10) UNSIGNED NOT NULL AUTO_INCREMENT, AUTO_INCREMENT=7;

--
-- Restricciones para tablas volcadas
--

--
-- Filtros para la tabla `aretoa`
--
ALTER TABLE `aretoa`
  ADD CONSTRAINT `aretoa_ibfk_1` FOREIGN KEY (`idZinema`) REFERENCES `zinema` (`idZinema`) ON DELETE CASCADE;

--
-- Filtros para la tabla `erosketa`
--
ALTER TABLE `erosketa`
  ADD CONSTRAINT `erosketa_ibfk_1` FOREIGN KEY (`idMota`) REFERENCES `sarreramota` (`idMota`) ON DELETE CASCADE,
  ADD CONSTRAINT `erosketa_ibfk_2` FOREIGN KEY (`idBezero`) REFERENCES `bezeroa` (`idBezero`) ON DELETE CASCADE;

--
-- Filtros para la tabla `saioa`
--
ALTER TABLE `saioa`
  ADD CONSTRAINT `saioa_ibfk_1` FOREIGN KEY (`idFilma`) REFERENCES `filma` (`idFilma`) ON DELETE CASCADE,
  ADD CONSTRAINT `saioa_ibfk_2` FOREIGN KEY (`idAretoa`,`idZinema`) REFERENCES `aretoa` (`idAretoa`, `idZinema`) ON DELETE CASCADE;

--
-- Filtros para la tabla `sarrera`
--
ALTER TABLE `sarrera`
  ADD CONSTRAINT `sarrera_ibfk_1` FOREIGN KEY (`idErosketa`) REFERENCES `erosketa` (`idErosketa`) ON DELETE CASCADE,
  ADD CONSTRAINT `sarrera_ibfk_2` FOREIGN KEY (`idSaioa`) REFERENCES `saioa` (`idSaioa`) ON DELETE CASCADE;
COMMIT;

/*!40101 SET CHARACTER_SET_CLIENT=@OLD_CHARACTER_SET_CLIENT */;
/*!40101 SET CHARACTER_SET_RESULTS=@OLD_CHARACTER_SET_RESULTS */;
/*!40101 SET COLLATION_CONNECTION=@OLD_COLLATION_CONNECTION */;
